Workbook

Sheet Historical responsibility T
M2: Global Carbon Budget 2021 Friedlingstein, et al., 2021 | N2: IAMC AR6 Scenario Explorer Model: REMIND-MAgPIE 2.1-4.3 Scenario: DeepElec_SSP2_ HighRE_Budg900 | O2: Statistics Sweden Population Projections | P2: SSP Database - Version 2.0 Data for SSP2
B3: Territorial emissions Sweden fossil (excl. LUC) | D3: Population | E3: Emissions | F3: Allocation per capita givet DeepElec_SSP2_ HighRE_Budg900 | K3: Historic fossil emissions | L3: Historic LUC emissions | M3: Scenario (World incl. LUC) | N3: Scenario minus bunkers | O3: Internation bunkers | P3: Bunkers (%) of total | R3: Population SSP2 | S3: Scenario per capita
B4: MtC | C4: MtCO2 | E4: tCO2/capita | F4: MtCO2 | K4: GtC | L4: GtC | M4: GtC | N4: GtC | O4: MtC | R4: millions | S4: tCO2/capita
A5: 1959 | B5: 11.568886 | C5: =B5*44/12 -> 42.419247 | D5: 7462823 | E5: =C5*1000000/D5 -> 5.6840752 | F5: =D5*S5/1000000 -> 38.612323 | J5: 1959 | K5: 2.4171328 | L5: 1.8455188 | M5: =L5+K5 -> 4.2626516 | N5: =M5-O5/1000 -> 4.2044176 | O5: 58.234 | P5: =O5/1000/M5 -> 0.013661449 | R5: 2979.5762 | S5: =N5*1000000000*44/12*1/(R5*1000000) -> 5.1739566
A6: 1960 | B6: 13.419902 | C6: =B6*44/12 -> 49.206307 | D6: 7497967 | E6: =C6*1000000/D6 -> 6.5626198 | F6: =D6*S6/1000000 -> 39.413259 | J6: 1960 | K6: 2.5621753 | L6: 1.8537116 | M6: =L6+K6 -> 4.4158869 | N6: =M6-O6/1000 -> 4.3508979 | O6: 64.988958 | P6: =O6/1000/M6 -> 0.014717079 | R6: 3034.9497 | S6: =N6*1000000000*44/12*1/(R6*1000000) -> 5.2565261
A7: 1961 | B7: 13.318643 | C7: =B7*44/12 -> 48.835023 | D7: 7542028 | E7: =C7*1000000/D7 -> 6.4750519 | F7: =D7*S7/1000000 -> 39.00446 | J7: 1961 | K7: 2.5705877 | L7: 1.8621203 | M7: =L7+K7 -> 4.432708 | N7: =M7-O7/1000 -> 4.3608606 | O7: 71.847433 | P7: =O7/1000/M7 -> 0.016208474 | R7: 3091.8435 | S7: =N7*1000000000*44/12*1/(R7*1000000) -> 5.1716143
A8: 1962 | B8: 13.99361 | C8: =B8*44/12 -> 51.309903 | D8: 7581148 | E8: =C8*1000000/D8 -> 6.7680915 | F8: =D8*S8/1000000 -> 38.624394 | J8: 1962 | K8: 2.6613709 | L8: 1.7905989 | M8: =L8+K8 -> 4.4519698 | N8: =M8-O8/1000 -> 4.3774766 | O8: 74.493219 | P8: =O8/1000/M8 -> 0.016732642 | R8: 3150.4208 | S8: =N8*1000000000*44/12*1/(R8*1000000) -> 5.0947948
A9: 1963 | B9: 15.096358 | C9: =B9*44/12 -> 55.353314 | D9: 7627507 | E9: =C9*1000000/D9 -> 7.2570649 | F9: =D9*S9/1000000 -> 38.126238 | J9: 1963 | K9: 2.8034634 | L9: 1.651862 | M9: =L9+K9 -> 4.4553254 | N9: =M9-O9/1000 -> 4.3773407 | O9: 77.984751 | P9: =O9/1000/M9 -> 0.017503716 | R9: 3211.001 | S9: =N9*1000000000*44/12*1/(R9*1000000) -> 4.9985189
A10: 1964 | B10: 16.476002 | C10: =B10*44/12 -> 60.412006 | D10: 7695200 | E10: =C10*1000000/D10 -> 7.850609 | F10: =D10*S10/1000000 -> 38.21669 | J10: 1964 | K10: 2.9557499 | L10: 1.5641112 | M10: =L10+K10 -> 4.5198611 | N10: =M10-O10/1000 -> 4.4344272 | O10: 85.433825 | P10: =O10/1000/M10 -> 0.01890187 | R10: 3273.9783 | S10: =N10*1000000000*44/12*1/(R10*1000000) -> 4.9663024
A11: 1965 | B11: 17.07484 | C11: =B11*44/12 -> 62.607746 | D11: 7772506 | E11: =C11*1000000/D11 -> 8.055027 | F11: =D11*S11/1000000 -> 37.700968 | J11: 1965 | K11: 3.0889418 | L11: 1.4171726 | M11: =L11+K11 -> 4.5061144 | N11: =M11-O11/1000 -> 4.4178638 | O11: 88.250571 | P11: =O11/1000/M11 -> 0.019584627 | R11: 3339.5836 | S11: =N11*1000000000*44/12*1/(R11*1000000) -> 4.850555
A12: 1966 | B12: 19.791856 | C12: =B12*44/12 -> 72.570138 | D12: 7843088 | E12: =C12*1000000/D12 -> 9.2527507 | F12: =D12*S12/1000000 -> 37.908184 | J12: 1966 | K12: 3.2388801 | L12: 1.3488657 | M12: =L12+K12 -> 4.5877458 | N12: =M12-O12/1000 -> 4.4922528 | O12: 95.492929 | P12: =O12/1000/M12 -> 0.020814782 | R12: 3407.9226 | S12: =N12*1000000000*44/12*1/(R12*1000000) -> 4.8333238
A13: 1967 | B13: 18.812702 | C13: =B13*44/12 -> 68.979906 | D13: 7892774 | E13: =C13*1000000/D13 -> 8.7396276 | F13: =D13*S13/1000000 -> 38.366478 | J13: 1967 | K13: 3.3418105 | L13: 1.3722228 | M13: =L13+K13 -> 4.7140333 | N13: =M13-O13/1000 -> 4.6118646 | O13: 102.16879 | P13: =O13/1000/M13 -> 0.021673327 | R13: 3478.77 | S13: =N13*1000000000*44/12*1/(R13*1000000) -> 4.8609624
A14: 1968 | B14: 21.180685 | C14: =B14*44/12 -> 77.662513 | D14: 7931193 | E14: =C14*1000000/D14 -> 9.7920342 | F14: =D14*S14/1000000 -> 39.264642 | J14: 1968 | K14: 3.5238302 | L14: 1.3795323 | M14: =L14+K14 -> 4.9033626 | N14: =M14-O14/1000 -> 4.7952983 | O14: 108.06425 | P14: =O14/1000/M14 -> 0.022038805 | R14: 3551.5991 | S14: =N14*1000000000*44/12*1/(R14*1000000) -> 4.9506602
A15: 1969 | B15: 23.575637 | C15: =B15*44/12 -> 86.444001 | D15: 8004270 | E15: =C15*1000000/D15 -> 10.799736 | F15: =D15*S15/1000000 -> 39.96305 | J15: 1969 | K15: 3.7576083 | L15: 1.2924244 | M15: =L15+K15 -> 5.0500326 | N15: =M15-O15/1000 -> 4.9369078 | O15: 113.12485 | P15: =O15/1000/M15 -> 0.022400816 | R15: 3625.6806 | S15: =N15*1000000000*44/12*1/(R15*1000000) -> 4.9927164
A16: 1970 | B16: 25.187507 | C16: =B16*44/12 -> 92.354192 | D16: 8081229 | E16: =C16*1000000/D16 -> 11.428236 | F16: =D16*S16/1000000 -> 41.95663 | J16: 1970 | K16: 4.0662051 | L16: 1.2865143 | M16: =L16+K16 -> 5.3527194 | N16: =M16-O16/1000 -> 5.2336608 | O16: 119.05865 | P16: =O16/1000/M16 -> 0.022242648 | R16: 3696.186 | S16: =N16*1000000000*44/12*1/(R16*1000000) -> 5.1918625
... A64: 2018 | B64: 11.488921 | C64: =B64*44/12 -> 42.126045 | D64: 10230185 | E64: =C64*1000000/D64 -> 4.1178185 | F64: =D64*S64/1000000 -> 53.046493 | J64: 2018 | K64: 10.000813 | L64: 1.0528217 | M64: =L64+K64 -> 11.053635 | N64: =M64-O64/1000 -> 10.708986 | O64: 344.64899 | P64: =O64/1000/M64 -> 0.031179697 | R64: 7572.6276 | S64: =N64*1000000000*44/12*1/(R64*1000000) -> 5.1852916
A65: 2019 | B65: 11.172726 | C65: =B65*44/12 -> 40.966661 | D65: 10327553 | E65: =C65*1000000/D65 -> 3.9667345 | F65: =D65*S65/1000000 -> 53.096761 | G65: =C65/C36-1 -> -0.28654492 | H65: =E65/E36-1 -> -0.40653622 | I65: =S65/S36-1 -> 0.029274307 | J65: 2019 | K65: 10.016143 | L65: 1.0440531 | M65: =L65+K65 -> 11.060196 | N65: =M65-O65/1000 -> 10.71755 | O65: 342.64617 | P65: =O65/1000/M65 -> 0.030980117 | R65: 7643.5719 | S65: =N65*1000000000*44/12*1/(R65*1000000) -> 5.1412721
A66: 2020 | B66: 10.541884 | C66: =B66*44/12 -> 38.653576 | D66: 10379295 | E66: =C66*1000000/D66 -> 3.7241041 | F66: =D66*S66/1000000 -> 49.837722 | J66: 2020 | K66: 9.4999578 | L66: 0.87608978 | M66: =L66+K66 -> 10.376048 | N66: =M66-O66/1000 -> 10.10247 | O66: 273.57723 | P66: =O66/1000/M66 -> 0.026366227 | R66: 7714.5161 | S66: =N66*1000000000*44/12*1/(R66*1000000) -> 4.8016481
A67: 2021 | B67: =B66*1.021 -> 10.763264 | C67: =C66*1.021 -> 39.465301 | D67: 10428301 | E67: =C67*1000000/D67 -> 3.784442 | F67: =D67*S67/1000000 -> 52.852463 | J67: 2021 | M67: 11.092523 | N67: =M67-O67/1000 -> 10.754242 | O67: =AVERAGE($O$61:$O$65)/AVERAGE($M$61:$M$65)*M67 -> 338.28048 | P67: =O67/1000/M67 -> 0.030496262 | R67: 7780.3578 | S67: =N67*1000000000*44/12*1/(R67*1000000) -> 5.0681758
A68: 2022 | D68: 10477130 | F68: =D68*S68/1000000 -> 49.791479 | J68: 2022 | M68: 10.489411 | N68: =M68-O68/1000 -> 10.169524 | O68: =AVERAGE($O$61:$O$65)/AVERAGE($M$61:$M$65)*M68 -> 319.88784 | P68: =O68/1000/M68 -> 0.030496262 | R68: 7846.1995 | S68: =N68*1000000000*44/12*1/(R68*1000000) -> 4.7523968
A69: 2023 | D69: 10523969 | F69: =D69*S69/1000000 -> 46.746137 | J69: 2023 | M69: 9.8863002 | N69: =M69-O69/1000 -> 9.584805 | O69: =AVERAGE($O$61:$O$65)/AVERAGE($M$61:$M$65)*M69 -> 301.4952 | P69: =O69/1000/M69 -> 0.030496262 | R69: 7912.0412 | S69: =N69*1000000000*44/12*1/(R69*1000000) -> 4.4418734
A70: 2024 | D70: 10569942 | F70: =D70*S70/1000000 -> 43.722306 | J70: 2024 | M70: 9.283189 | N70: =M70-O70/1000 -> 9.0000864 | O70: =AVERAGE($O$61:$O$65)/AVERAGE($M$61:$M$65)*M70 -> 283.10256 | P70: =O70/1000/M70 -> 0.030496262 | R70: 7977.8829 | S70: =N70*1000000000*44/12*1/(R70*1000000) -> 4.1364755
A71: 2025 | D71: 10616595 | F71: =D71*S71/1000000 -> 40.726078 | J71: 2025 | M71: 8.6800778 | N71: =M71-O71/1000 -> 8.4153678 | O71: =AVERAGE($O$61:$O$65)/AVERAGE($M$61:$M$65)*M71 -> 264.70993 | P71: =O71/1000/M71 -> 0.030496262 | R71: 8043.7246 | S71: =N71*1000000000*44/12*1/(R71*1000000) -> 3.8360772
A72: 2026 | D72: 10663635 | F72: =D72*S72/1000000 -> 37.631703 | J72: 2026 | M72: 8.0442745 | N72: =M72-O72/1000 -> 7.7989542 | O72: =AVERAGE($O$61:$O$65)/AVERAGE($M$61:$M$65)*M72 -> 245.32031 | P72: =O72/1000/M72 -> 0.030496262 | R72: 8103.2494 | S72: =N72*1000000000*44/12*1/(R72*1000000) -> 3.5289751
A73: 2027 | D73: 10710874 | F73: =D73*S73/1000000 -> 34.557049 | J73: 2027 | M73: 7.4084713 | N73: =M73-O73/1000 -> 7.1825406 | O73: =AVERAGE($O$61:$O$65)/AVERAGE($M$61:$M$65)*M73 -> 225.93068 | P73: =O73/1000/M73 -> 0.030496262 | R73: 8162.7741 | S73: =N73*1000000000*44/12*1/(R73*1000000) -> 3.226352
A74: 2028 | D74: 10758403 | F74: =D74*S74/1000000 -> 31.501792 | J74: 2028 | M74: 6.7726681 | N74: =M74-O74/1000 -> 6.566127 | O74: =AVERAGE($O$61:$O$65)/AVERAGE($M$61:$M$65)*M74 -> 206.54106 | P74: =O74/1000/M74 -> 0.030496262 | R74: 8222.2989 | S74: =N74*1000000000*44/12*1/(R74*1000000) -> 2.9281104
A75: 2029 | D75: 10805992 | F75: =D75*S75/1000000 -> 28.464669 | J75: 2029 | M75: 6.1368649 | N75: =M75-O75/1000 -> 5.9497134 | O75: =AVERAGE($O$61:$O$65)/AVERAGE($M$61:$M$65)*M75 -> 187.15144 | P75: =O75/1000/M75 -> 0.030496262 | R75: 8281.8236 | S75: =N75*1000000000*44/12*1/(R75*1000000) -> 2.6341561
A76: 2030 | D76: 10853866 | F76: =D76*S76/1000000 -> 25.445772 | J76: 2030 | M76: 5.5010617 | N76: =M76-O76/1000 -> 5.3332998 | O76: =AVERAGE($O$61:$O$65)/AVERAGE($M$61:$M$65)*M76 -> 167.76182 | P76: =O76/1000/M76 -> 0.030496262 | R76: 8341.3484 | S76: =N76*1000000000*44/12*1/(R76*1000000) -> 2.3443971
A77: 2031 | D77: 10900734 | F77: =D77*S77/1000000 -> 23.718996 | J77: 2031 | M77: 5.1383005 | N77: =M77-O77/1000 -> 4.9816015 | O77: =AVERAGE($O$61:$O$65)/AVERAGE($M$61:$M$65)*M77 -> 156.69896 | P77: =O77/1000/M77 -> 0.030496262 | R77: 8394.597 | S77: =N77*1000000000*44/12*1/(R77*1000000) -> 2.1759082
A78: 2032 | D78: 10946282 | F78: =D78*S78/1000000 -> 21.997028 | J78: 2032 | M78: 4.7755393 | N78: =M78-O78/1000 -> 4.6299032 | O78: =AVERAGE($O$61:$O$65)/AVERAGE($M$61:$M$65)*M78 -> 145.6361 | P78: =O78/1000/M78 -> 0.030496262 | R78: 8447.8455 | S78: =N78*1000000000*44/12*1/(R78*1000000) -> 2.0095434
A79: 2033 | D79: 10991015 | F79: =D79*S79/1000000 -> 20.281309 | J79: 2033 | M79: 4.4127782 | N79: =M79-O79/1000 -> 4.2782049 | O79: =AVERAGE($O$61:$O$65)/AVERAGE($M$61:$M$65)*M79 -> 134.57324 | P79: =O79/1000/M79 -> 0.030496262 | R79: 8501.0941 | S79: =N79*1000000000*44/12*1/(R79*1000000) -> 1.8452626
... A96: 2050 | D96: 11775563 | F96: =D96*S96/1000000 -> 2.8858313 | J96: 2050 | M96: 0.63383193 | N96: =M96-O96/1000 -> 0.61450242 | O96: =AVERAGE($O$61:$O$65)/AVERAGE($M$61:$M$65)*M96 -> 19.329505 | P96: =O96/1000/M96 -> 0.030496262 | R96: 9194.0269 | S96: =N96*1000000000*44/12*1/(R96*1000000) -> 0.2450695
E97: Historic responsibility
C98: Historic Emissions | E98: Budget for whole period
C99: MtCO2 | F99: MtCO2
B100: 1960-2021 | C100: =SUM(C6:C96) -> 3752.6466 | E100: 1960-2050 | F100: =SUM(D6:D96)/1000000*SUM(N6:N96)*44/12/SUM(R6:R96)*1000 -> 3144.2183
B101: 1970-2021 | C101: =SUM(C16:C96) -> 3119.2657 | E101: 1970-2050 | F101: =SUM(D16:D96)/1000000*SUM(N16:N96)*44/12/SUM(R16:R96)*1000 -> 2798.1965
B102: 1980-2021 | C102: =SUM(C26:C96) -> 2270.9508 | E102: 1980-2050 | F102: =SUM(D26:D96)/1000000*SUM(N26:N96)*44/12/SUM(R26:R96)*1000 -> 2408.4381
B103: 1990-2021 | C103: =SUM(C36:C96) -> 1654.5528 | E103: 1990-2050 | F103: =SUM(D36:D96)/1000000*SUM(N36:N96)*44/12/SUM(R36:R96)*1000 -> 2015.0211
B104: 2000-2021 | C104: =SUM(C46:C96) -> 1068.3693 | E104: 2000-2050 | F104: =SUM(D46:D96)/1000000*SUM(N46:N96)*44/12/SUM(R46:R96)*1000 -> 1607.4294
B105: 2010-2021 | C105: =SUM(C56:C96) -> 528.63655 | E105: 2010-2050 | F105: =SUM(D56:D96)/1000000*SUM(N56:N96)*44/12/SUM(R56:R96)*1000 -> 1166.529
E106: 2022-2050 | F106: =SUM(F68:F96) -> 563.24918
D109: Start year historic responsibility | E109: Budget 2022-2050 | J109: Linear reduction
E110: MtCO2 | J110: Number of years until net-zero | K110: Year for net-zero | M110: Linear reduction rate | N110: Exponential reduction rate
D111: 1960 | E111: =F100-C100 -> -608.42824 | I111: 1960 | J111: =E111/$C$67*2 -> -30.83358 | K111: =2021+J111 -> 1990.1664
D112: 1970 | E112: =F101-C101 -> -321.06917 | I112: 1970 | J112: =E112/$C$67*2 -> -16.27096 | K112: =2021+J112 -> 2004.729
D113: 1980 | E113: =F102-C102 -> 137.4873 | I113: 1980 | J113: =E113/$C$67*2 -> 6.9675028 | K113: =2021+J113 -> 2027.9675 | M113: =(0-$C$67)/($A$67-K113)/$C$67 -> 0.14352345 | N113: =M113*2 -> 0.28704689
D114: 1990 | E114: =F103-C103 -> 360.4683 | I114: 1990 | J114: =E114/$C$67*2 -> 18.267607 | K114: =2021+J114 -> 2039.2676 | M114: =(0-$C$67)/($A$67-K114)/$C$67 -> 0.054741708 | N114: =M114*2 -> 0.10948342
D115: 2000 | E115: =F104-C104 -> 539.06009 | I115: 2000 | J115: =E115/$C$67*2 -> 27.31818 | K115: =2021+J115 -> 2048.3182 | M115: =(0-$C$67)/($A$67-K115)/$C$67 -> 0.03660566 | N115: =M115*2 -> 0.07321132
D116: 2010 | E116: =F105-C105 -> 637.89244 | I116: 2010 | J116: =E116/$C$67*2 -> 32.326749 | K116: =2021+J116 -> 2053.3267 | M116: =(0-$C$67)/($A$67-K116)/$C$67 -> 0.030934134 | N116: =M116*2 -> 0.061868268
D117: Inget historiskt ansvar - lika per capita utsläpp per år | E117: =F106-C106 -> 563.24918 | I117: Inget historiskt ansvar - lika per capita utsläpp per år | J117: =E117/$C$67*2 -> 28.544021 | K117: =2021+J117 -> 2049.544 | M117: =(0-$C$67)/($A$67-K117)/$C$67 -> 0.035033607 | N117: =M117*2 -> 0.070067214
D118: Ekonomisk kapacitet | E118: ='Economic capacity'!L5 -> 181.52793 | I118: Ekonomisk kapacitet | J118: =E118/$C$67*2 -> 9.1993689 | K118: =2021+J118 -> 2030.1994 | M118: =(0-$C$67)/($A$67-K118)/$C$67 -> 0.10870311 | N118: =M118*2 -> 0.21740622

Sheet Net-Zero Territorial
A1: Year | B1: Historic emissions | C1: Economic capacity for transition | D1: Equal emissions per capita and year | E1: 1980 | F1: 1990 | G1: 2000 | H1: 2010
A2: 2015 | B2: ='Historical responsibility T'!C61 -> 43.634335
A3: 2016 | B3: ='Historical responsibility T'!C62 -> 43.293495
A4: 2017 | B4: ='Historical responsibility T'!C63 -> 42.624728
A5: 2018 | B5: ='Historical responsibility T'!C64 -> 42.126045
A6: 2019 | B6: ='Historical responsibility T'!C65 -> 40.966661
A7: 2020 | B7: ='Historical responsibility T'!C66 -> 38.653576
A8: 2021 | B8: ='Historical responsibility T'!C67 -> 39.465301 | C8: =B8 -> 39.465301 | D8: =C8 -> 39.465301 | E8: =D8 -> 39.465301 | F8: =E8 -> 39.465301 | G8: =F8 -> 39.465301 | H8: =G8 -> 39.465301
A9: 2022 | C9: =C$8-C$8*'Historical responsibility T'!$M$118*($A9-$A$8) -> 35.1753 | D9: =D$8-D$8*'Historical responsibility T'!$M$117*($A9-$A$8) -> 38.082689 | E9: =E$8-E$8*'Historical responsibility T'!$M$113*($A9-$A$8) -> 33.801105 | F9: =F$8-F$8*'Historical responsibility T'!$M$114*($A9-$A$8) -> 37.304903 | G9: =G$8-G$8*'Historical responsibility T'!$M$115*($A9-$A$8) -> 38.020647 | H9: =H$8-H$8*'Historical responsibility T'!$M$116*($A9-$A$8) -> 38.244476
A10: 2023 | C10: =C$8-C$8*'Historical responsibility T'!$M$118*($A10-$A$8) -> 30.885299 | D10: =D$8-D$8*'Historical responsibility T'!$M$117*($A10-$A$8) -> 36.700077 | E10: =E$8-E$8*'Historical responsibility T'!$M$113*($A10-$A$8) -> 28.136909 | F10: =F$8-F$8*'Historical responsibility T'!$M$114*($A10-$A$8) -> 35.144505 | G10: =G$8-G$8*'Historical responsibility T'!$M$115*($A10-$A$8) -> 36.575994 | H10: =H$8-H$8*'Historical responsibility T'!$M$116*($A10-$A$8) -> 37.023651
A11: 2024 | C11: =C$8-C$8*'Historical responsibility T'!$M$118*($A11-$A$8) -> 26.595298 | D11: =D$8-D$8*'Historical responsibility T'!$M$117*($A11-$A$8) -> 35.317465 | E11: =E$8-E$8*'Historical responsibility T'!$M$113*($A11-$A$8) -> 22.472713 | F11: =F$8-F$8*'Historical responsibility T'!$M$114*($A11-$A$8) -> 32.984107 | G11: =G$8-G$8*'Historical responsibility T'!$M$115*($A11-$A$8) -> 35.131341 | H11: =H$8-H$8*'Historical responsibility T'!$M$116*($A11-$A$8) -> 35.802826
A12: 2025 | C12: =C$8-C$8*'Historical responsibility T'!$M$118*($A12-$A$8) -> 22.305297 | D12: =D$8-D$8*'Historical responsibility T'!$M$117*($A12-$A$8) -> 33.934853 | E12: =E$8-E$8*'Historical responsibility T'!$M$113*($A12-$A$8) -> 16.808517 | F12: =F$8-F$8*'Historical responsibility T'!$M$114*($A12-$A$8) -> 30.823709 | G12: =G$8-G$8*'Historical responsibility T'!$M$115*($A12-$A$8) -> 33.686687 | H12: =H$8-H$8*'Historical responsibility T'!$M$116*($A12-$A$8) -> 34.582001
A13: 2026 | C13: =C$8-C$8*'Historical responsibility T'!$M$118*($A13-$A$8) -> 18.015296 | D13: =D$8-D$8*'Historical responsibility T'!$M$117*($A13-$A$8) -> 32.552241 | E13: =E$8-E$8*'Historical responsibility T'!$M$113*($A13-$A$8) -> 11.144321 | F13: =F$8-F$8*'Historical responsibility T'!$M$114*($A13-$A$8) -> 28.663311 | G13: =G$8-G$8*'Historical responsibility T'!$M$115*($A13-$A$8) -> 32.242034 | H13: =H$8-H$8*'Historical responsibility T'!$M$116*($A13-$A$8) -> 33.361176
A14: 2027 | C14: =C$8-C$8*'Historical responsibility T'!$M$118*($A14-$A$8) -> 13.725295 | D14: =D$8-D$8*'Historical responsibility T'!$M$117*($A14-$A$8) -> 31.16963 | E14: =E$8-E$8*'Historical responsibility T'!$M$113*($A14-$A$8) -> 5.4801252 | F14: =F$8-F$8*'Historical responsibility T'!$M$114*($A14-$A$8) -> 26.502913 | G14: =G$8-G$8*'Historical responsibility T'!$M$115*($A14-$A$8) -> 30.79738 | H14: =H$8-H$8*'Historical responsibility T'!$M$116*($A14-$A$8) -> 32.140351
A15: 2028 | C15: =C$8-C$8*'Historical responsibility T'!$M$118*($A15-$A$8) -> 9.4352944 | D15: =D$8-D$8*'Historical responsibility T'!$M$117*($A15-$A$8) -> 29.787018 | E15: =E$8-E$8*'Historical responsibility T'!$M$113*($A15-$A$8) -> -0.18407075 | F15: =F$8-F$8*'Historical responsibility T'!$M$114*($A15-$A$8) -> 24.342515 | G15: =G$8-G$8*'Historical responsibility T'!$M$115*($A15-$A$8) -> 29.352727 | H15: =H$8-H$8*'Historical responsibility T'!$M$116*($A15-$A$8) -> 30.919526
A16: 2029 | C16: =C$8-C$8*'Historical responsibility T'!$M$118*($A16-$A$8) -> 5.1452935 | D16: =D$8-D$8*'Historical responsibility T'!$M$117*($A16-$A$8) -> 28.404406 | E16: =E$8-E$8*'Historical responsibility T'!$M$113*($A16-$A$8) -> -5.8482667 | F16: =F$8-F$8*'Historical responsibility T'!$M$114*($A16-$A$8) -> 22.182117 | G16: =G$8-G$8*'Historical responsibility T'!$M$115*($A16-$A$8) -> 27.908074 | H16: =H$8-H$8*'Historical responsibility T'!$M$116*($A16-$A$8) -> 29.698701
A17: 2030 | C17: =C$8-C$8*'Historical responsibility T'!$M$118*($A17-$A$8) -> 0.85529259 | D17: =D$8-D$8*'Historical responsibility T'!$M$117*($A17-$A$8) -> 27.021794 | F17: =F$8-F$8*'Historical responsibility T'!$M$114*($A17-$A$8) -> 20.021719 | G17: =G$8-G$8*'Historical responsibility T'!$M$115*($A17-$A$8) -> 26.46342 | H17: =H$8-H$8*'Historical responsibility T'!$M$116*($A17-$A$8) -> 28.477877
A18: 2031 | C18: =C$8-C$8*'Historical responsibility T'!$M$118*($A18-$A$8) -> -3.4347083 | D18: =D$8-D$8*'Historical responsibility T'!$M$117*($A18-$A$8) -> 25.639182 | F18: =F$8-F$8*'Historical responsibility T'!$M$114*($A18-$A$8) -> 17.861321 | G18: =G$8-G$8*'Historical responsibility T'!$M$115*($A18-$A$8) -> 25.018767 | H18: =H$8-H$8*'Historical responsibility T'!$M$116*($A18-$A$8) -> 27.257052
A19: 2032 | D19: =D$8-D$8*'Historical responsibility T'!$M$117*($A19-$A$8) -> 24.256571 | F19: =F$8-F$8*'Historical responsibility T'!$M$114*($A19-$A$8) -> 15.700923 | G19: =G$8-G$8*'Historical responsibility T'!$M$115*($A19-$A$8) -> 23.574114 | H19: =H$8-H$8*'Historical responsibility T'!$M$116*($A19-$A$8) -> 26.036227
A20: 2033 | D20: =D$8-D$8*'Historical responsibility T'!$M$117*($A20-$A$8) -> 22.873959 | F20: =F$8-F$8*'Historical responsibility T'!$M$114*($A20-$A$8) -> 13.540525 | G20: =G$8-G$8*'Historical responsibility T'!$M$115*($A20-$A$8) -> 22.12946 | H20: =H$8-H$8*'Historical responsibility T'!$M$116*($A20-$A$8) -> 24.815402
A21: 2034 | D21: =D$8-D$8*'Historical responsibility T'!$M$117*($A21-$A$8) -> 21.491347 | F21: =F$8-F$8*'Historical responsibility T'!$M$114*($A21-$A$8) -> 11.380127 | G21: =G$8-G$8*'Historical responsibility T'!$M$115*($A21-$A$8) -> 20.684807 | H21: =H$8-H$8*'Historical responsibility T'!$M$116*($A21-$A$8) -> 23.594577
A22: 2035 | D22: =D$8-D$8*'Historical responsibility T'!$M$117*($A22-$A$8) -> 20.108735 | F22: =F$8-F$8*'Historical responsibility T'!$M$114*($A22-$A$8) -> 9.2197293 | G22: =G$8-G$8*'Historical responsibility T'!$M$115*($A22-$A$8) -> 19.240153 | H22: =H$8-H$8*'Historical responsibility T'!$M$116*($A22-$A$8) -> 22.373752
A23: 2036 | D23: =D$8-D$8*'Historical responsibility T'!$M$117*($A23-$A$8) -> 18.726123 | F23: =F$8-F$8*'Historical responsibility T'!$M$114*($A23-$A$8) -> 7.0593314 | G23: =G$8-G$8*'Historical responsibility T'!$M$115*($A23-$A$8) -> 17.7955 | H23: =H$8-H$8*'Historical responsibility T'!$M$116*($A23-$A$8) -> 21.152927
A24: 2037 | D24: =D$8-D$8*'Historical responsibility T'!$M$117*($A24-$A$8) -> 17.343511 | F24: =F$8-F$8*'Historical responsibility T'!$M$114*($A24-$A$8) -> 4.8989334 | G24: =G$8-G$8*'Historical responsibility T'!$M$115*($A24-$A$8) -> 16.350847 | H24: =H$8-H$8*'Historical responsibility T'!$M$116*($A24-$A$8) -> 19.932102
A25: 2038 | D25: =D$8-D$8*'Historical responsibility T'!$M$117*($A25-$A$8) -> 15.9609 | F25: =F$8-F$8*'Historical responsibility T'!$M$114*($A25-$A$8) -> 2.7385355 | G25: =G$8-G$8*'Historical responsibility T'!$M$115*($A25-$A$8) -> 14.906193 | H25: =H$8-H$8*'Historical responsibility T'!$M$116*($A25-$A$8) -> 18.711277
A26: 2039 | D26: =D$8-D$8*'Historical responsibility T'!$M$117*($A26-$A$8) -> 14.578288 | F26: =F$8-F$8*'Historical responsibility T'!$M$114*($A26-$A$8) -> 0.57813752 | G26: =G$8-G$8*'Historical responsibility T'!$M$115*($A26-$A$8) -> 13.46154 | H26: =H$8-H$8*'Historical responsibility T'!$M$116*($A26-$A$8) -> 17.490452
A27: 2040 | D27: =D$8-D$8*'Historical responsibility T'!$M$117*($A27-$A$8) -> 13.195676 | F27: =F$8-F$8*'Historical responsibility T'!$M$114*($A27-$A$8) -> -1.5822604 | G27: =G$8-G$8*'Historical responsibility T'!$M$115*($A27-$A$8) -> 12.016887 | H27: =H$8-H$8*'Historical responsibility T'!$M$116*($A27-$A$8) -> 16.269628
A28: 2041 | D28: =D$8-D$8*'Historical responsibility T'!$M$117*($A28-$A$8) -> 11.813064 | G28: =G$8-G$8*'Historical responsibility T'!$M$115*($A28-$A$8) -> 10.572233 | H28: =H$8-H$8*'Historical responsibility T'!$M$116*($A28-$A$8) -> 15.048803
A29: 2042 | D29: =D$8-D$8*'Historical responsibility T'!$M$117*($A29-$A$8) -> 10.430452 | G29: =G$8-G$8*'Historical responsibility T'!$M$115*($A29-$A$8) -> 9.1275798 | H29: =H$8-H$8*'Historical responsibility T'!$M$116*($A29-$A$8) -> 13.827978
A30: 2043 | D30: =D$8-D$8*'Historical responsibility T'!$M$117*($A30-$A$8) -> 9.0478405 | G30: =G$8-G$8*'Historical responsibility T'!$M$115*($A30-$A$8) -> 7.6829265 | H30: =H$8-H$8*'Historical responsibility T'!$M$116*($A30-$A$8) -> 12.607153
A31: 2044 | D31: =D$8-D$8*'Historical responsibility T'!$M$117*($A31-$A$8) -> 7.6652287 | G31: =G$8-G$8*'Historical responsibility T'!$M$115*($A31-$A$8) -> 6.2382731 | H31: =H$8-H$8*'Historical responsibility T'!$M$116*($A31-$A$8) -> 11.386328
A32: 2045 | D32: =D$8-D$8*'Historical responsibility T'!$M$117*($A32-$A$8) -> 6.2826168 | G32: =G$8-G$8*'Historical responsibility T'!$M$115*($A32-$A$8) -> 4.7936197 | H32: =H$8-H$8*'Historical responsibility T'!$M$116*($A32-$A$8) -> 10.165503
A33: 2046 | D33: =D$8-D$8*'Historical responsibility T'!$M$117*($A33-$A$8) -> 4.900005 | G33: =G$8-G$8*'Historical responsibility T'!$M$115*($A33-$A$8) -> 3.3489663 | H33: =H$8-H$8*'Historical responsibility T'!$M$116*($A33-$A$8) -> 8.9446781
A34: 2047 | D34: =D$8-D$8*'Historical responsibility T'!$M$117*($A34-$A$8) -> 3.5173932 | G34: =G$8-G$8*'Historical responsibility T'!$M$115*($A34-$A$8) -> 1.904313 | H34: =H$8-H$8*'Historical responsibility T'!$M$116*($A34-$A$8) -> 7.7238532
A35: 2048 | D35: =D$8-D$8*'Historical responsibility T'!$M$117*($A35-$A$8) -> 2.1347814 | G35: =G$8-G$8*'Historical responsibility T'!$M$115*($A35-$A$8) -> 0.4596596 | H35: =H$8-H$8*'Historical responsibility T'!$M$116*($A35-$A$8) -> 6.5030283
A36: 2049 | D36: =D$8-D$8*'Historical responsibility T'!$M$117*($A36-$A$8) -> 0.75216953 | G36: =G$8-G$8*'Historical responsibility T'!$M$115*($A36-$A$8) -> -0.98499377 | H36: =H$8-H$8*'Historical responsibility T'!$M$116*($A36-$A$8) -> 5.2822034
A37: 2050 | D37: =D$8-D$8*'Historical responsibility T'!$M$117*($A37-$A$8) -> -0.6304423 | G37: =G$8-G$8*'Historical responsibility T'!$M$115*($A37-$A$8) -> -2.4296471 | H37: =H$8-H$8*'Historical responsibility T'!$M$116*($A37-$A$8) -> 4.0613785
A38: 2051 | D38: =D$8-D$8*'Historical responsibility T'!$M$117*($A38-$A$8) -> -2.0130541 | H38: =H$8-H$8*'Historical responsibility T'!$M$116*($A38-$A$8) -> 2.8405536
A39: 2052 | H39: =H$8-H$8*'Historical responsibility T'!$M$116*($A39-$A$8) -> 1.6197287
A40: 2053 | H40: =H$8-H$8*'Historical responsibility T'!$M$116*($A40-$A$8) -> 0.3989038
A41: 2054 | H41: =H$8-H$8*'Historical responsibility T'!$M$116*($A41-$A$8) -> -0.8219211
A42: 2055 | H42: =H$8-H$8*'Historical responsibility T'!$M$116*($A42-$A$8) -> -2.042746

Sheet Historical responsibility C
M2: Global Carbon Budget 2021 Friedlingstein, et al., 2021 | N2: IAMC AR6 Scenario Explorer 1.5C - Model: REMIND-MAgPIE 2.1-4.3 Scenario: DeepElec_SSP2_ HighRE_Budg900 2C - Model: WITCH 5.0 Scenario: CO_Bridge | O2: Statistics Sweden Population Projections | P2: SSP Database - Version 2.0 Data for SSP2
B3: Consumption-based emissions Sweden fossil (excl. LUC) | D3: Population | E3: Emissions | F3: Allocation per capita givet 1.5C Scenario | G3: Allocation per capita givet 2C Scenario | K3: Historic fossil emissions | L3: Historic LUC emissions | M3: 1.5C Scenario (World incl. LUC) | N3: 2C Scenario (World incl. LUC) | O3: Population SSP2 | P3: 1.5C Scenario per capita | Q3: 2C Scenario per capita
B4: MtC | C4: MtCO2 | E4: tCO2/capita | F4: MtCO2 | G4: MtCO2 | K4: GtC | L4: GtC | M4: GtC | O4: millions | P4: tCO2/capita | Q4: tCO2/capita
A5: 1990 | B5: 23.193254 | C5: =B5*44/12 -> 85.04193 | D5: 8590630 | E5: =C5*1000000/D5 -> 9.8993822 | F5: =D5*P5/1000000 -> 43.809653 | G5: =D5*Q5/1000000 -> 43.809653 | J5: 1990 | K5: 6.2069671 | L5: 1.1733564 | M5: =L5+K5 -> 7.3803235 | N5: =M5 -> 7.3803235 | O5: 5306.425 | P5: =M5*1000000000*44/12*1/(O5*1000000) -> 5.099702 | Q5: =N5*1000000000*44/12*1/(O5*1000000) -> 5.099702
A6: 1991 | B6: 22.955046 | C6: =B6*44/12 -> 84.168501 | D6: 8644119 | E6: =C6*1000000/D6 -> 9.7370827 | F6: =D6*P6/1000000 -> 44.039933 | G6: =D6*Q6/1000000 -> 44.039933 | J6: 1991 | K6: 6.3402869 | L6: 1.1495868 | M6: =L6+K6 -> 7.4898736 | N6: =M6 -> 7.4898736 | O6: 5390.3878 | P6: =M6*1000000000*44/12*1/(O6*1000000) -> 5.0947856 | Q6: =N6*1000000000*44/12*1/(O6*1000000) -> 5.0947856
A7: 1992 | B7: 25.404237 | C7: =B7*44/12 -> 93.148868 | D7: 8692013 | E7: =C7*1000000/D7 -> 10.716605 | F7: =D7*P7/1000000 -> 42.826557 | G7: =D7*Q7/1000000 -> 42.826557 | J7: 1992 | K7: 6.1576276 | L7: 1.1985798 | M7: =L7+K7 -> 7.3562074 | N7: =M7 -> 7.3562074 | O7: 5474.3506 | P7: =M7*1000000000*44/12*1/(O7*1000000) -> 4.927116 | Q7: =N7*1000000000*44/12*1/(O7*1000000) -> 4.927116
A8: 1993 | B8: 23.602983 | C8: =B8*44/12 -> 86.54427 | D8: 8745109 | E8: =C8*1000000/D8 -> 9.8963054 | F8: =D8*P8/1000000 -> 42.650128 | G8: =D8*Q8/1000000 -> 42.650128 | J8: 1993 | K8: 6.2213795 | L8: 1.1717227 | M8: =L8+K8 -> 7.3931022 | N8: =M8 -> 7.3931022 | O8: 5558.3134 | P8: =M8*1000000000*44/12*1/(O8*1000000) -> 4.8770264 | Q8: =N8*1000000000*44/12*1/(O8*1000000) -> 4.8770264
A9: 1994 | B9: 23.384994 | C9: =B9*44/12 -> 85.744979 | D9: 8816381 | E9: =C9*1000000/D9 -> 9.7256436 | F9: =D9*P9/1000000 -> 43.42594 | G9: =D9*Q9/1000000 -> 43.42594 | J9: 1994 | K9: 6.2654062 | L9: 1.3141153 | M9: =L9+K9 -> 7.5795215 | N9: =M9 -> 7.5795215 | O9: 5642.2762 | P9: =M9*1000000000*44/12*1/(O9*1000000) -> 4.925597 | Q9: =N9*1000000000*44/12*1/(O9*1000000) -> 4.925597
A10: 1995 | B10: 23.119241 | C10: =B10*44/12 -> 84.770552 | D10: 8837496 | E10: =C10*1000000/D10 -> 9.592146 | F10: =D10*P10/1000000 -> 43.571924 | G10: =D10*Q10/1000000 -> 43.571924 | J10: 1995 | K10: 6.3989097 | L10: 1.3008212 | M10: =L10+K10 -> 7.6997309 | N10: =M10 -> 7.6997309 | O10: 5726.239 | P10: =M10*1000000000*44/12*1/(O10*1000000) -> 4.9303473 | Q10: =N10*1000000000*44/12*1/(O10*1000000) -> 4.9303473
A11: 1996 | B11: 24.379453 | C11: =B11*44/12 -> 89.391327 | D11: 8844499 | E11: =C11*1000000/D11 -> 10.106997 | F11: =D11*P11/1000000 -> 44.192687 | G11: =D11*Q11/1000000 -> 44.192687 | J11: 1996 | K11: 6.5900779 | L11: 1.3212384 | M11: =L11+K11 -> 7.9113164 | N11: =M11 -> 7.9113164 | O11: 5805.5452 | P11: =M11*1000000000*44/12*1/(O11*1000000) -> 4.9966298 | Q11: =N11*1000000000*44/12*1/(O11*1000000) -> 4.9966298
A12: 1997 | B12: 22.962746 | C12: =B12*44/12 -> 84.196736 | D12: 8847625 | E12: =C12*1000000/D12 -> 9.5163093 | F12: =D12*P12/1000000 -> 46.589237 | G12: =D12*Q12/1000000 -> 46.589237 | J12: 1997 | K12: 6.6306989 | L12: 1.8205902 | M12: =L12+K12 -> 8.4512891 | N12: =M12 -> 8.4512891 | O12: 5884.8514 | P12: =M12*1000000000*44/12*1/(O12*1000000) -> 5.2657336 | Q12: =N12*1000000000*44/12*1/(O12*1000000) -> 5.2657336
A13: 1998 | B13: 23.188196 | C13: =B13*44/12 -> 85.023386 | D13: 8854322 | E13: =C13*1000000/D13 -> 9.6024728 | F13: =D13*P13/1000000 -> 43.584268 | G13: =D13*Q13/1000000 -> 43.584268 | J13: 1998 | K13: 6.6053587 | L13: 1.4013149 | M13: =L13+K13 -> 8.0066736 | N13: =M13 -> 8.0066736 | O13: 5964.1576 | P13: =M13*1000000000*44/12*1/(O13*1000000) -> 4.9223721 | Q13: =N13*1000000000*44/12*1/(O13*1000000) -> 4.9223721
A14: 1999 | B14: 21.981831 | C14: =B14*44/12 -> 80.600046 | D14: 8861426 | E14: =C14*1000000/D14 -> 9.0956067 | F14: =D14*P14/1000000 -> 43.415777 | G14: =D14*Q14/1000000 -> 43.415777 | J14: 1999 | K14: 6.6907376 | L14: 1.3845584 | M14: =L14+K14 -> 8.0752961 | N14: =M14 -> 8.0752961 | O14: 6043.4638 | P14: =M14*1000000000*44/12*1/(O14*1000000) -> 4.899412 | Q14: =N14*1000000000*44/12*1/(O14*1000000) -> 4.899412
A15: 2000 | B15: 22.464073 | C15: =B15*44/12 -> 82.368268 | D15: 8882792 | E15: =C15*1000000/D15 -> 9.2727904 | F15: =D15*P15/1000000 -> 43.217446 | G15: =D15*Q15/1000000 -> 43.217446 | J15: 2000 | K15: 6.8859607 | L15: 1.2383424 | M15: =L15+K15 -> 8.1243031 | N15: =M15 -> 8.1243031 | O15: 6122.77 | P15: =M15*1000000000*44/12*1/(O15*1000000) -> 4.8652997 | Q15: =N15*1000000000*44/12*1/(O15*1000000) -> 4.8652997
A16: 2001 | B16: 21.321408 | C16: =B16*44/12 -> 78.178497 | D16: 8909128 | E16: =C16*1000000/D16 -> 8.7751008 | F16: =D16*P16/1000000 -> 42.585324 | G16: =D16*Q16/1000000 -> 42.585324 | J16: 2001 | K16: 6.9451827 | L16: 1.1367123 | M16: =L16+K16 -> 8.081895 | N16: =M16 -> 8.081895 | O16: 6199.5458 | P16: =M16*1000000000*44/12*1/(O16*1000000) -> 4.7799655 | Q16: =N16*1000000000*44/12*1/(O16*1000000) -> 4.7799655
... A34: 2019 | B34: 18.528676 | C34: =B34*44/12 -> 67.938479 | D34: 10327553 | E34: =C34*1000000/D34 -> 6.5783713 | F34: =D34*P34/1000000 -> 54.794294 | G34: =D34*Q34/1000000 -> 54.794294 | J34: 2019 | K34: 10.016143 | L34: 1.0440531 | M34: =L34+K34 -> 11.060196 | N34: =M34 -> 11.060196 | O34: 7643.5719 | P34: =M34*1000000000*44/12*1/(O34*1000000) -> 5.3056415 | Q34: =N34*1000000000*44/12*1/(O34*1000000) -> 5.3056415
A35: 2020 | D35: 10379295 | F35: =D35*P35/1000000 -> 51.187339 | G35: =D35*Q35/1000000 -> 51.187339 | J35: 2020 | K35: 9.4999578 | L35: 0.87608978 | M35: =L35+K35 -> 10.376048 | N35: =M35 -> 10.376048 | O35: 7714.5161 | P35: =M35*1000000000*44/12*1/(O35*1000000) -> 4.9316778 | Q35: =N35*1000000000*44/12*1/(O35*1000000) -> 4.9316778
A36: 2021 | D36: 10428301 | F36: =D36*P36/1000000 -> 54.514965 | G36: =D36*Q36/1000000 -> 51.932368 | J36: 2021 | M36: ='IPCC IMPs'!F14/1000 -> 11.092523 | N36: ='IPCC IMPs'!G14/1000 -> 10.567024 | O36: 7780.3578 | P36: =M36*1000000000*44/12*1/(O36*1000000) -> 5.227598 | Q36: =N36*1000000000*44/12*1/(O36*1000000) -> 4.9799453
A37: 2022 | D37: 10477130 | F37: =D37*P37/1000000 -> 51.357696 | G37: =D37*Q37/1000000 -> 51.180177 | J37: 2022 | M37: ='IPCC IMPs'!F15/1000 -> 10.489411 | N37: ='IPCC IMPs'!G15/1000 -> 10.453155 | O37: 7846.1995 | P37: =M37*1000000000*44/12*1/(O37*1000000) -> 4.901886 | Q37: =N37*1000000000*44/12*1/(O37*1000000) -> 4.8849425
A38: 2023 | D38: 10523969 | F38: =D38*P38/1000000 -> 48.216562 | G38: =D38*Q38/1000000 -> 50.425817 | J38: 2023 | M38: ='IPCC IMPs'!F16/1000 -> 9.8863002 | N38: ='IPCC IMPs'!G16/1000 -> 10.339285 | O38: 7912.0412 | P38: =M38*1000000000*44/12*1/(O38*1000000) -> 4.5815949 | Q38: =N38*1000000000*44/12*1/(O38*1000000) -> 4.7915209
A39: 2024 | D39: 10569942 | F39: =D39*P39/1000000 -> 45.097614 | G39: =D39*Q39/1000000 -> 49.674935 | J39: 2024 | M39: ='IPCC IMPs'!F17/1000 -> 9.283189 | N39: ='IPCC IMPs'!G17/1000 -> 10.225415 | O39: 7977.8829 | P39: =M39*1000000000*44/12*1/(O39*1000000) -> 4.2665905 | Q39: =N39*1000000000*44/12*1/(O39*1000000) -> 4.6996413
A40: 2025 | D40: 10616595 | F40: =D40*P40/1000000 -> 42.007139 | G40: =D40*Q40/1000000 -> 48.934709 | J40: 2025 | M40: ='IPCC IMPs'!F18/1000 -> 8.6800778 | N40: ='IPCC IMPs'!G18/1000 -> 10.111545 | O40: 8043.7246 | P40: =M40*1000000000*44/12*1/(O40*1000000) -> 3.9567431 | Q40: =N40*1000000000*44/12*1/(O40*1000000) -> 4.6092658
A41: 2026 | D41: 10663635 | F41: =D41*P41/1000000 -> 38.815428 | G41: =D41*Q41/1000000 -> 47.980324 | J41: 2026 | M41: ='IPCC IMPs'!F19/1000 -> 8.0442745 | N41: ='IPCC IMPs'!G19/1000 -> 9.9436466 | O41: 8103.2494 | P41: =M41*1000000000*44/12*1/(O41*1000000) -> 3.639981 | Q41: =N41*1000000000*44/12*1/(O41*1000000) -> 4.4994342
A42: 2027 | D42: 10710874 | F42: =D42*P42/1000000 -> 35.64406 | G42: =D42*Q42/1000000 -> 47.033638 | J42: 2027 | M42: ='IPCC IMPs'!F20/1000 -> 7.4084713 | N42: ='IPCC IMPs'!G20/1000 -> 9.7757483 | O42: 8162.7741 | P42: =M42*1000000000*44/12*1/(O42*1000000) -> 3.3278386 | Q42: =N42*1000000000*44/12*1/(O42*1000000) -> 4.3912045
A43: 2028 | D43: 10758403 | F43: =D43*P43/1000000 -> 32.492698 | G43: =D43*Q43/1000000 -> 46.094827 | J43: 2028 | M43: ='IPCC IMPs'!F21/1000 -> 6.7726681 | N43: ='IPCC IMPs'!G21/1000 -> 9.6078499 | O43: 8222.2989 | P43: =M43*1000000000*44/12*1/(O43*1000000) -> 3.0202157 | Q43: =N43*1000000000*44/12*1/(O43*1000000) -> 4.2845418
A44: 2029 | D44: 10805992 | F44: =D44*P44/1000000 -> 29.360041 | G44: =D44*Q44/1000000 -> 45.162696 | J44: 2029 | M44: ='IPCC IMPs'!F22/1000 -> 6.1368649 | N44: ='IPCC IMPs'!G22/1000 -> 9.4399516 | O44: 8281.8236 | P44: =M44*1000000000*44/12*1/(O44*1000000) -> 2.7170149 | Q44: =N44*1000000000*44/12*1/(O44*1000000) -> 4.1794123
A45: 2030 | D45: 10853866 | F45: =D45*P45/1000000 -> 26.246182 | G45: =D45*Q45/1000000 -> 44.238006 | J45: 2030 | M45: ='IPCC IMPs'!F23/1000 -> 5.5010616 | N45: ='IPCC IMPs'!G23/1000 -> 9.2720532 | O45: 8341.3484 | P45: =M45*1000000000*44/12*1/(O45*1000000) -> 2.4181413 | Q45: =N45*1000000000*44/12*1/(O45*1000000) -> 4.0757833
A46: 2031 | D46: 10900734 | F46: =D46*P46/1000000 -> 24.46509 | G46: =D46*Q46/1000000 -> 42.007258 | J46: 2031 | M46: ='IPCC IMPs'!F24/1000 -> 5.1383005 | N46: ='IPCC IMPs'!G24/1000 -> 8.8226086 | O46: 8394.597 | P46: =M46*1000000000*44/12*1/(O46*1000000) -> 2.2443526 | Q46: =N46*1000000000*44/12*1/(O46*1000000) -> 3.8536174
A47: 2032 | D47: 10946282 | F47: =D47*P47/1000000 -> 22.688957 | G47: =D47*Q47/1000000 -> 39.78155 | J47: 2032 | M47: ='IPCC IMPs'!F25/1000 -> 4.7755393 | N47: ='IPCC IMPs'!G25/1000 -> 8.3731641 | O47: 8447.8455 | P47: =M47*1000000000*44/12*1/(O47*1000000) -> 2.0727546 | Q47: =N47*1000000000*44/12*1/(O47*1000000) -> 3.6342523
... A65: 2050 | D65: 11775563 | F65: =D65*P65/1000000 -> 2.9766067 | G65: =D65*Q65/1000000 -> 13.905317 | J65: 2050 | M65: ='IPCC IMPs'!F43/1000 -> 0.63383193 | N65: ='IPCC IMPs'!G43/1000 -> 2.9609669 | O65: 9194.0269 | P65: =M65*1000000000*44/12*1/(O65*1000000) -> 0.25277829 | Q65: =N65*1000000000*44/12*1/(O65*1000000) -> 1.1808622
E66: Historic responsibility
C67: Historic Emissions | E67: Budget for whole period
C68: MtCO2 | F68: MtCO2
B69: 1990-2021 | C69: =SUM(C5:C65) -> 2448.441 | E69: 1990-2050 | F69: =SUM(D5:D65)/1000000*SUM(M5:M65)*44/12/SUM(O5:O65)*1000 -> 2072.9637 | G69: =SUM(D5:D65)/1000000*SUM(N5:N65)*44/12/SUM(O5:O65)*1000 -> 2445.5113
B70: 2000-2021 | C70: =SUM(C15:C65) -> 1589.8104 | E70: 2000-2050 | F70: =SUM(D15:D65)/1000000*SUM(M15:M65)*44/12/SUM(O15:O65)*1000 -> 1655.8262 | G70: =SUM(D15:D65)/1000000*SUM(N15:N65)*44/12/SUM(O15:O65)*1000 -> 2020.757
B71: 2010-2021 | C71: =SUM(C25:C65) -> 745.53771 | E71: 2010-2050 | F71: =SUM(D25:D65)/1000000*SUM(M25:M65)*44/12/SUM(O25:O65)*1000 -> 1202.3999 | G71: =SUM(D25:D65)/1000000*SUM(N25:N65)*44/12/SUM(O25:O65)*1000 -> 1563.2459
E72: 2020-2050 | F72: =SUM(F35:F65) -> 686.66879 | G72: =SUM(G35:G65) -> 1042.6761
D75: Start year historic responsibility | E75: 1.5C Budget 2020-2050 | F75: 2C Budget 2020-2050 | J75: Linear reduction
E76: MtCO2 | F76: MtCO2 | J76: Number of years until net-zero | K76: Year for net-zero | M76: Linear reduction rate | N76: Exponential reduction rate
D77: 1990 | E77: =F69-C69 -> -375.47725 | F77: =G69-C69 -> -2.9296692 | I77: 1990 | J77: =E77/$C$34*2 -> -11.053449 | K77: =2019+J77 -> 2007.9466 | M77: =(0-$C$34)/($A$34-K77)/$C$34 -> -0.090469501 | N77: =M77*2 -> -0.180939
D78: 2000 | E78: =F70-C70 -> 66.015846 | F78: =G70-C70 -> 430.94663 | I78: 2000 | J78: =E78/$C$34*2 -> 1.9434008 | K78: =2019+J78 -> 2020.9434 | M78: =(0-$C$34)/($A$34-K78)/$C$34 -> 0.51456191 | N78: =M78*2 -> 1.0291238
D79: 2010 | E79: =F71-C71 -> 456.86221 | F79: =G71-C71 -> 817.70816 | I79: 2010 | J79: =E79/$C$34*2 -> 13.449292 | K79: =2019+J79 -> 2032.4493 | M79: =(0-$C$34)/($A$34-K79)/$C$34 -> 0.074353357 | N79: =M79*2 -> 0.14870671
D80: Inget historiskt ansvar - lika per capita utsläpp per år | E80: =F72-C72 -> 686.66879 | F80: =G72-C72 -> 1042.6761 | I80: Inget historiskt ansvar - lika per capita utsläpp per år | J80: =E80/$C$34*2 -> 20.214429 | K80: =2019+J80 -> 2039.2144 | M80: =(0-$C$34)/($A$34-K80)/$C$34 -> 0.049469613 | N80: =M80*2 -> 0.098939226
D81: Ekonomisk kapacitet | E81: ='Economic capacity'!L6 -> 214.60751 | F81: ='Economic capacity'!M6 -> 325.77723 | I81: Ekonomisk kapacitet | J81: =E81/$C$34*2 -> 6.3177013 | K81: =2019+J81 -> 2025.3177 | M81: =(0-$C$34)/($A$34-K81)/$C$34 -> 0.15828542 | N81: =M81*2 -> 0.31657084

Sheet Net-Zero Consumption-based
A1: Year | B1: Historic emissions | C1: Economic capacity for transition | D1: Equal emissions per capita and year | E1: 2000 | F1: 2010
A2: 2015 | B2: ='Historical responsibility C'!C30 -> 70.746299
A3: 2016 | B3: ='Historical responsibility C'!C31 -> 69.990736
A4: 2017 | B4: ='Historical responsibility C'!C32 -> 70.598838
A5: 2018 | B5: ='Historical responsibility C'!C33 -> 71.105752
A6: 2019 | B6: ='Historical responsibility C'!C34 -> 67.938479 | C6: =$B6 -> 67.938479 | D6: =$B6 -> 67.938479 | E6: =$B6 -> 67.938479 | F6: =$B6 -> 67.938479
A7: 2020 | C7: =C$6-C$6*'Historical responsibility C'!$M$81*($A7-$A$6) -> 57.184808 | D7: =D$6-D$6*'Historical responsibility C'!$M$80*($A7-$A$6) -> 64.577589 | E7: =E$6-E$6*'Historical responsibility C'!$M$78*($A7-$A$6) -> 32.979926 | F7: =F$6-F$6*'Historical responsibility C'!$M$79*($A7-$A$6) -> 62.887025
A8: 2021 | C8: =C$6-C$6*'Historical responsibility C'!$M$81*($A8-$A$6) -> 46.431138 | D8: =D$6-D$6*'Historical responsibility C'!$M$80*($A8-$A$6) -> 61.216698 | E8: =E$6-E$6*'Historical responsibility C'!$M$78*($A8-$A$6) -> -1.9786275 | F8: =F$6-F$6*'Historical responsibility C'!$M$79*($A8-$A$6) -> 57.835571
A9: 2022 | C9: =C$6-C$6*'Historical responsibility C'!$M$81*($A9-$A$6) -> 35.677467 | D9: =D$6-D$6*'Historical responsibility C'!$M$80*($A9-$A$6) -> 57.855808 | F9: =F$6-F$6*'Historical responsibility C'!$M$79*($A9-$A$6) -> 52.784117
A10: 2023 | C10: =C$6-C$6*'Historical responsibility C'!$M$81*($A10-$A$6) -> 24.923796 | D10: =D$6-D$6*'Historical responsibility C'!$M$80*($A10-$A$6) -> 54.494918 | F10: =F$6-F$6*'Historical responsibility C'!$M$79*($A10-$A$6) -> 47.732663
A11: 2024 | C11: =C$6-C$6*'Historical responsibility C'!$M$81*($A11-$A$6) -> 14.170126 | D11: =D$6-D$6*'Historical responsibility C'!$M$80*($A11-$A$6) -> 51.134027 | F11: =F$6-F$6*'Historical responsibility C'!$M$79*($A11-$A$6) -> 42.681209
A12: 2025 | C12: =C$6-C$6*'Historical responsibility C'!$M$81*($A12-$A$6) -> 3.4164552 | D12: =D$6-D$6*'Historical responsibility C'!$M$80*($A12-$A$6) -> 47.773137 | F12: =F$6-F$6*'Historical responsibility C'!$M$79*($A12-$A$6) -> 37.629755
A13: 2026 | C13: =C$6-C$6*'Historical responsibility C'!$M$81*($A13-$A$6) -> -7.3372154 | D13: =D$6-D$6*'Historical responsibility C'!$M$80*($A13-$A$6) -> 44.412247 | F13: =F$6-F$6*'Historical responsibility C'!$M$79*($A13-$A$6) -> 32.578301
A14: 2027 | D14: =D$6-D$6*'Historical responsibility C'!$M$80*($A14-$A$6) -> 41.051357 | F14: =F$6-F$6*'Historical responsibility C'!$M$79*($A14-$A$6) -> 27.526847
A15: 2028 | D15: =D$6-D$6*'Historical responsibility C'!$M$80*($A15-$A$6) -> 37.690466 | F15: =F$6-F$6*'Historical responsibility C'!$M$79*($A15-$A$6) -> 22.475393
A16: 2029 | D16: =D$6-D$6*'Historical responsibility C'!$M$80*($A16-$A$6) -> 34.329576 | F16: =F$6-F$6*'Historical responsibility C'!$M$79*($A16-$A$6) -> 17.423939
A17: 2030 | D17: =D$6-D$6*'Historical responsibility C'!$M$80*($A17-$A$6) -> 30.968686 | F17: =F$6-F$6*'Historical responsibility C'!$M$79*($A17-$A$6) -> 12.372485
A18: 2031 | D18: =D$6-D$6*'Historical responsibility C'!$M$80*($A18-$A$6) -> 27.607796 | F18: =F$6-F$6*'Historical responsibility C'!$M$79*($A18-$A$6) -> 7.3210308
A19: 2032 | D19: =D$6-D$6*'Historical responsibility C'!$M$80*($A19-$A$6) -> 24.246905 | F19: =F$6-F$6*'Historical responsibility C'!$M$79*($A19-$A$6) -> 2.2695768
A20: 2033 | D20: =D$6-D$6*'Historical responsibility C'!$M$80*($A20-$A$6) -> 20.886015 | F20: =F$6-F$6*'Historical responsibility C'!$M$79*($A20-$A$6) -> -2.7818772
A21: 2034 | D21: =D$6-D$6*'Historical responsibility C'!$M$80*($A21-$A$6) -> 17.525125
A22: 2035 | D22: =D$6-D$6*'Historical responsibility C'!$M$80*($A22-$A$6) -> 14.164235
A23: 2036 | D23: =D$6-D$6*'Historical responsibility C'!$M$80*($A23-$A$6) -> 10.803344
A24: 2037 | D24: =D$6-D$6*'Historical responsibility C'!$M$80*($A24-$A$6) -> 7.4424541
A25: 2038 | D25: =D$6-D$6*'Historical responsibility C'!$M$80*($A25-$A$6) -> 4.0815638
A26: 2039 | D26: =D$6-D$6*'Historical responsibility C'!$M$80*($A26-$A$6) -> 0.72067359
A27: 2040 | D27: =D$6-D$6*'Historical responsibility C'!$M$80*($A27-$A$6) -> -2.6402167
A28: 2041
A29: 2042
A30: 2043
A31: 2044
A32: 2045
A33: 2046
A34: 2047
A35: 2048
A36: 2049
A37: 2050
A38: 2051
A39: 2052
... A42: 2055

Sheet Historical responsibility C+T
C2: =U19 -> 0.33 | M2: Global Carbon Budget 2021 Friedlingstein, et al., 2021 | N2: IAMC AR6 Scenario Explorer 1.5C - Model: REMIND-MAgPIE 2.1-4.3 Scenario: DeepElec_SSP2_ HighRE_Budg900 2C - Model: WITCH 5.0 Scenario: CO_Bridge | O2: Statistics Sweden Population Projections | P2: SSP Database - Version 2.0 Data for SSP2
B3: Territorial emissions Sweden fossil (excl. LUC) | D3: Population | E3: Emissions | F3: Allocation per capita givet 1.5C Scenario | G3: Allocation per capita givet 2C Scenario | K3: Historic fossil emissions | L3: Historic LUC emissions | M3: 1.5C Scenario (World incl. LUC) | N3: 2C Scenario (World incl. LUC) | O3: Population SSP2 | P3: 1.5C Scenario per capita | Q3: 2C Scenario per capita
B4: MtC | C4: MtCO2 | E4: tCO2/capita | F4: MtCO2 | G4: MtCO2 | K4: GtC | L4: GtC | M4: GtC | O4: millions | P4: tCO2/capita | Q4: tCO2/capita
A5: 1990 | B5: =$C$2*'Historical responsibility C'!B5+(1-$C$2)*'Historical responsibility T'!B36 -> 18.145992 | C5: =B5*44/12 -> 66.535302 | D5: 8590630 | E5: =C5*1000000/D5 -> 7.7451016 | F5: =D5*P5/1000000 -> 43.809653 | G5: =D5*Q5/1000000 -> 43.809653 | J5: 1990 | K5: 6.2069671 | L5: 1.1733564 | M5: =L5+K5 -> 7.3803235 | N5: =M5 -> 7.3803235 | O5: 5306.425 | P5: =M5*1000000000*44/12*1/(O5*1000000) -> 5.099702 | Q5: =N5*1000000000*44/12*1/(O5*1000000) -> 5.099702
A6: 1991 | B6: =$C$2*'Historical responsibility C'!B6+(1-$C$2)*'Historical responsibility T'!B37 -> 18.135868 | C6: =B6*44/12 -> 66.498182 | D6: 8644119 | E6: =C6*1000000/D6 -> 7.6928813 | F6: =D6*P6/1000000 -> 44.039933 | G6: =D6*Q6/1000000 -> 44.039933 | J6: 1991 | K6: 6.3402869 | L6: 1.1495868 | M6: =L6+K6 -> 7.4898736 | N6: =M6 -> 7.4898736 | O6: 5390.3878 | P6: =M6*1000000000*44/12*1/(O6*1000000) -> 5.0947856 | Q6: =N6*1000000000*44/12*1/(O6*1000000) -> 5.0947856
A7: 1992 | B7: =$C$2*'Historical responsibility C'!B7+(1-$C$2)*'Historical responsibility T'!B38 -> 18.896977 | C7: =B7*44/12 -> 69.288917 | D7: 8692013 | E7: =C7*1000000/D7 -> 7.9715616 | F7: =D7*P7/1000000 -> 42.826557 | G7: =D7*Q7/1000000 -> 42.826557 | J7: 1992 | K7: 6.1576276 | L7: 1.1985798 | M7: =L7+K7 -> 7.3562074 | N7: =M7 -> 7.3562074 | O7: 5474.3506 | P7: =M7*1000000000*44/12*1/(O7*1000000) -> 4.927116 | Q7: =N7*1000000000*44/12*1/(O7*1000000) -> 4.927116
A8: 1993 | B8: =$C$2*'Historical responsibility C'!B8+(1-$C$2)*'Historical responsibility T'!B39 -> 18.310076 | C8: =B8*44/12 -> 67.136944 | D8: 8745109 | E8: =C8*1000000/D8 -> 7.6770849 | F8: =D8*P8/1000000 -> 42.650128 | G8: =D8*Q8/1000000 -> 42.650128 | J8: 1993 | K8: 6.2213795 | L8: 1.1717227 | M8: =L8+K8 -> 7.3931022 | N8: =M8 -> 7.3931022 | O8: 5558.3134 | P8: =M8*1000000000*44/12*1/(O8*1000000) -> 4.8770264 | Q8: =N8*1000000000*44/12*1/(O8*1000000) -> 4.8770264
A9: 1994 | B9: =$C$2*'Historical responsibility C'!B9+(1-$C$2)*'Historical responsibility T'!B40 -> 18.688619 | C9: =B9*44/12 -> 68.524936 | D9: 8816381 | E9: =C9*1000000/D9 -> 7.7724563 | F9: =D9*P9/1000000 -> 43.42594 | G9: =D9*Q9/1000000 -> 43.42594 | J9: 1994 | K9: 6.2654062 | L9: 1.3141153 | M9: =L9+K9 -> 7.5795215 | N9: =M9 -> 7.5795215 | O9: 5642.2762 | P9: =M9*1000000000*44/12*1/(O9*1000000) -> 4.925597 | Q9: =N9*1000000000*44/12*1/(O9*1000000) -> 4.925597
A10: 1995 | B10: =$C$2*'Historical responsibility C'!B10+(1-$C$2)*'Historical responsibility T'!B41 -> 18.493887 | C10: =B10*44/12 -> 67.810918 | D10: 8837496 | E10: =C10*1000000/D10 -> 7.6730918 | F10: =D10*P10/1000000 -> 43.571924 | G10: =D10*Q10/1000000 -> 43.571924 | J10: 1995 | K10: 6.3989097 | L10: 1.3008212 | M10: =L10+K10 -> 7.6997309 | N10: =M10 -> 7.6997309 | O10: 5726.239 | P10: =M10*1000000000*44/12*1/(O10*1000000) -> 4.9303473 | Q10: =N10*1000000000*44/12*1/(O10*1000000) -> 4.9303473
A11: 1996 | B11: =$C$2*'Historical responsibility C'!B11+(1-$C$2)*'Historical responsibility T'!B42 -> 19.629408 | C11: =B11*44/12 -> 71.974496 | D11: 8844499 | E11: =C11*1000000/D11 -> 8.1377697 | F11: =D11*P11/1000000 -> 44.192687 | G11: =D11*Q11/1000000 -> 44.192687 | J11: 1996 | K11: 6.5900779 | L11: 1.3212384 | M11: =L11+K11 -> 7.9113164 | N11: =M11 -> 7.9113164 | O11: 5805.5452 | P11: =M11*1000000000*44/12*1/(O11*1000000) -> 4.9966298 | Q11: =N11*1000000000*44/12*1/(O11*1000000) -> 4.9966298
A12: 1997 | B12: =$C$2*'Historical responsibility C'!B12+(1-$C$2)*'Historical responsibility T'!B43 -> 18.229536 | C12: =B12*44/12 -> 66.84163 | D12: 8847625 | E12: =C12*1000000/D12 -> 7.554754 | F12: =D12*P12/1000000 -> 46.589237 | G12: =D12*Q12/1000000 -> 46.589237 | J12: 1997 | K12: 6.6306989 | L12: 1.8205902 | M12: =L12+K12 -> 8.4512891 | N12: =M12 -> 8.4512891 | O12: 5884.8514 | P12: =M12*1000000000*44/12*1/(O12*1000000) -> 5.2657336 | Q12: =N12*1000000000*44/12*1/(O12*1000000) -> 5.2657336
A13: 1998 | B13: =$C$2*'Historical responsibility C'!B13+(1-$C$2)*'Historical responsibility T'!B44 -> 18.389999 | C13: =B13*44/12 -> 67.429997 | D13: 8854322 | E13: =C13*1000000/D13 -> 7.6154896 | F13: =D13*P13/1000000 -> 43.584268 | G13: =D13*Q13/1000000 -> 43.584268 | J13: 1998 | K13: 6.6053587 | L13: 1.4013149 | M13: =L13+K13 -> 8.0066736 | N13: =M13 -> 8.0066736 | O13: 5964.1576 | P13: =M13*1000000000*44/12*1/(O13*1000000) -> 4.9223721 | Q13: =N13*1000000000*44/12*1/(O13*1000000) -> 4.9223721
A14: 1999 | B14: =$C$2*'Historical responsibility C'!B14+(1-$C$2)*'Historical responsibility T'!B45 -> 17.468098 | C14: =B14*44/12 -> 64.049694 | D14: 8861426 | E14: =C14*1000000/D14 -> 7.2279217 | F14: =D14*P14/1000000 -> 43.415777 | G14: =D14*Q14/1000000 -> 43.415777 | J14: 1999 | K14: 6.6907376 | L14: 1.3845584 | M14: =L14+K14 -> 8.0752961 | N14: =M14 -> 8.0752961 | O14: 6043.4638 | P14: =M14*1000000000*44/12*1/(O14*1000000) -> 4.899412 | Q14: =N14*1000000000*44/12*1/(O14*1000000) -> 4.899412
A15: 2000 | B15: =$C$2*'Historical responsibility C'!B15+(1-$C$2)*'Historical responsibility T'!B46 -> 17.417393 | C15: =B15*44/12 -> 63.863775 | D15: 8882792 | E15: =C15*1000000/D15 -> 7.189606 | F15: =D15*P15/1000000 -> 43.217446 | G15: =D15*Q15/1000000 -> 43.217446 | J15: 2000 | K15: 6.8859607 | L15: 1.2383424 | M15: =L15+K15 -> 8.1243031 | N15: =M15 -> 8.1243031 | O15: 6122.77 | P15: =M15*1000000000*44/12*1/(O15*1000000) -> 4.8652997 | Q15: =N15*1000000000*44/12*1/(O15*1000000) -> 4.8652997
A16: 2001 | B16: =$C$2*'Historical responsibility C'!B16+(1-$C$2)*'Historical responsibility T'!B47 -> 17.20998 | C16: =B16*44/12 -> 63.103259 | D16: 8909128 | E16: =C16*1000000/D16 -> 7.0829894 | F16: =D16*P16/1000000 -> 42.585324 | G16: =D16*Q16/1000000 -> 42.585324 | J16: 2001 | K16: 6.9451827 | L16: 1.1367123 | M16: =L16+K16 -> 8.081895 | N16: =M16 -> 8.081895 | O16: 6199.5458 | P16: =M16*1000000000*44/12*1/(O16*1000000) -> 4.7799655 | Q16: =N16*1000000000*44/12*1/(O16*1000000) -> 4.7799655
A17: 2002 | B17: =$C$2*'Historical responsibility C'!B17+(1-$C$2)*'Historical responsibility T'!B48 -> 17.618378 | C17: =B17*44/12 -> 64.600718 | D17: 8940788 | E17: =C17*1000000/D17 -> 7.2253943 | F17: =D17*P17/1000000 -> 43.84175 | G17: =D17*Q17/1000000 -> 43.84175 | J17: 2002 | K17: 7.1058552 | L17: 1.2876979 | M17: =L17+K17 -> 8.3935532 | N17: =M17 -> 8.3935532 | O17: 6276.3216 | P17: =M17*1000000000*44/12*1/(O17*1000000) -> 4.9035667 | Q17: =N17*1000000000*44/12*1/(O17*1000000) -> 4.9035667
A18: 2003 | B18: =$C$2*'Historical responsibility C'!B18+(1-$C$2)*'Historical responsibility T'!B49 -> 18.232386 | C18: =B18*44/12 -> 66.852083 | D18: 8975670 | E18: =C18*1000000/D18 -> 7.448144 | F18: =D18*P18/1000000 -> 45.8885 | G18: =D18*Q18/1000000 -> 45.8885 | J18: 2003 | K18: 7.4682056 | L18: 1.3901084 | M18: =L18+K18 -> 8.858314 | N18: =M18 -> 8.858314 | O18: 6353.0974 | P18: =M18*1000000000*44/12*1/(O18*1000000) -> 5.1125431 | Q18: =N18*1000000000*44/12*1/(O18*1000000) -> 5.1125431 | V18: Mainly producer responsibility | AP18: Mainly consumer responsibility
A19: 2004 | B19: =$C$2*'Historical responsibility C'!B19+(1-$C$2)*'Historical responsibility T'!B50 -> 18.241897 | C19: =B19*44/12 -> 66.886957 | D19: 9011392 | E19: =C19*1000000/D19 -> 7.4224889 | F19: =D19*P19/1000000 -> 46.564029 | G19: =D19*Q19/1000000 -> 46.564029 | J19: 2004 | K19: 7.8122934 | L19: 1.2489886 | M19: =L19+K19 -> 9.061282 | N19: =M19 -> 9.061282 | O19: 6429.8732 | P19: =M19*1000000000*44/12*1/(O19*1000000) -> 5.1672404 | Q19: =N19*1000000000*44/12*1/(O19*1000000) -> 5.1672404 | U19: 0.33 | V19: 1e-07 | W19: 0.05 | X19: 0.1 | Y19: 0.15 | Z19: 0.2 | AA19: 0.25 | AB19: 0.3 | AC19: 0.35 | AD19: 0.4 | AE19: 0.45 | AF19: 0.5 | AG19: 0.55 | AH19: 0.6 | AI19: 0.65 | AJ19: 0.7 | AK19: 0.75 | AL19: 0.8 | AM19: 0.85 | AN19: 0.9 | AO19: 0.95 | AP19: 1
A20: 2005 | B20: =$C$2*'Historical responsibility C'!B20+(1-$C$2)*'Historical responsibility T'!B51 -> 17.630072 | C20: =B20*44/12 -> 64.643598 | D20: 9047752 | E20: =C20*1000000/D20 -> 7.1447138 | F20: =D20*P20/1000000 -> 46.776896 | G20: =D20*Q20/1000000 -> 46.776896 | J20: 2005 | K20: 8.0783377 | L20: 1.1189719 | M20: =L20+K20 -> 9.1973096 | N20: =M20 -> 9.1973096 | O20: 6522.9121 | P20: =M20*1000000000*44/12*1/(O20*1000000) -> 5.170002 | Q20: =N20*1000000000*44/12*1/(O20*1000000) -> 5.170002 | S20: Budget | T20: 1990 | U20: =E77 -> 169.94592 | V20: 438.58709 | W20: 397.88395 | X20: 357.18073 | Y20: 316.47751 | Z20: 275.77429 | AA20: 235.07107 | AB20: 194.36785 | AC20: 153.66463 | AD20: 112.96141 | AE20: 72.258185 | AF20: 31.554963 | AG20: -9.148258 | AH20: -49.851479 | AI20: -90.554701 | AJ20: -131.25792 | AK20: -171.96114 | AL20: -212.66436 | AM20: -253.36759 | AN20: -294.07081 | AO20: -334.77403 | AP20: -375.47725
A21: 2006 | B21: =$C$2*'Historical responsibility C'!B21+(1-$C$2)*'Historical responsibility T'!B52 -> 17.825401 | C21: =B21*44/12 -> 65.359802 | D21: 9113257 | E21: =C21*1000000/D21 -> 7.1719477 | F21: =D21*P21/1000000 -> 48.626252 | G21: =D21*Q21/1000000 -> 48.626252 | J21: 2006 | K21: 8.3459964 | L21: 1.2663711 | M21: =L21+K21 -> 9.6123676 | N21: =M21 -> 9.6123676 | O21: 6605.4837 | P21: =M21*1000000000*44/12*1/(O21*1000000) -> 5.335771 | Q21: =N21*1000000000*44/12*1/(O21*1000000) -> 5.335771 | T21: 2000 | U21: =E78 -> 435.29514 | V21: 617.17891 | W21: 589.62081 | X21: 562.06265 | Y21: 534.5045 | Z21: 506.94634 | AA21: 479.38819 | AB21: 451.83003 | AC21: 424.27187 | AD21: 396.71372 | AE21: 369.15556 | AF21: 341.59741 | AG21: 314.03925 | AH21: 286.48109 | AI21: 258.92294 | AJ21: 231.36478 | AK21: 203.80663 | AL21: 176.24847 | AM21: 148.69031 | AN21: 121.13216 | AO21: 93.574002 | AP21: 66.015846
A22: 2007 | B22: =$C$2*'Historical responsibility C'!B22+(1-$C$2)*'Historical responsibility T'!B53 -> 17.895975 | C22: =B22*44/12 -> 65.618574 | D22: 9182927 | E22: =C22*1000000/D22 -> 7.1457144 | F22: =D22*P22/1000000 -> 48.828253 | G22: =D22*Q22/1000000 -> 48.828253 | J22: 2007 | K22: 8.5943901 | L22: 1.1044203 | M22: =L22+K22 -> 9.6988104 | N22: =M22 -> 9.6988104 | O22: 6688.0552 | P22: =M22*1000000000*44/12*1/(O22*1000000) -> 5.3172864 | Q22: =N22*1000000000*44/12*1/(O22*1000000) -> 5.3172864 | T22: 2010 | U22: =E79 -> 630.49211 | V22: 716.01129 | W22: 703.05386 | X22: 690.09641 | Y22: 677.13895 | Z22: 664.1815 | AA22: 651.22404 | AB22: 638.26659 | AC22: 625.30913 | AD22: 612.35168 | AE22: 599.39422 | AF22: 586.43676 | AG22: 573.47931 | AH22: 560.52185 | AI22: 547.5644 | AJ22: 534.60694 | AK22: 521.64949 | AL22: 508.69203 | AM22: 495.73458 | AN22: 482.77712 | AO22: 469.81967 | AP22: 456.86221
A23: 2008 | B23: =$C$2*'Historical responsibility C'!B23+(1-$C$2)*'Historical responsibility T'!B54 -> 17.183798 | C23: =B23*44/12 -> 63.007259 | D23: 9256347 | E23: =C23*1000000/D23 -> 6.8069249 | F23: =D23*P23/1000000 -> 49.532588 | G23: =D23*Q23/1000000 -> 49.532588 | J23: 2008 | K23: 8.751576 | L23: 1.1296046 | M23: =L23+K23 -> 9.8811805 | N23: =M23 -> 9.8811805 | O23: 6770.6268 | P23: =M23*1000000000*44/12*1/(O23*1000000) -> 5.3512026 | Q23: =N23*1000000000*44/12*1/(O23*1000000) -> 5.3512026 | T23: Inget historiskt ansvar - lika per capita utsläpp per år | U23: =E80 -> 672.78007 | V23: 665.93937 | W23: 666.97584 | X23: 668.01231 | Y23: 669.04878 | Z23: 670.08525 | AA23: 671.12172 | AB23: 672.15819 | AC23: 673.19466 | AD23: 674.23113 | AE23: 675.26761 | AF23: 676.30408 | AG23: 677.34055 | AH23: 678.37702 | AI23: 679.41349 | AJ23: 680.44996 | AK23: 681.48643 | AL23: 682.52291 | AM23: 683.55938 | AN23: 684.59585 | AO23: 685.63232 | AP23: 686.66879
A24: 2009 | B24: =$C$2*'Historical responsibility C'!B24+(1-$C$2)*'Historical responsibility T'!B55 -> 15.353164 | C24: =B24*44/12 -> 56.294934 | D24: 9340682 | E24: =C24*1000000/D24 -> 6.0268548 | F24: =D24*P24/1000000 -> 49.283423 | G24: =D24*Q24/1000000 -> 49.283423 | J24: 2009 | K24: 8.62538 | L24: 1.2361466 | M24: =L24+K24 -> 9.8615265 | N24: =M24 -> 9.8615265 | O24: 6853.1983 | P24: =M24*1000000000*44/12*1/(O24*1000000) -> 5.2762125 | Q24: =N24*1000000000*44/12*1/(O24*1000000) -> 5.2762125 | T24: Ekonomisk kapacitet | U24: =E81 -> 214.60751 | V24: 214.60751 | W24: 214.60751 | X24: 214.60751 | Y24: 214.60751 | Z24: 214.60751 | AA24: 214.60751 | AB24: 214.60751 | AC24: 214.60751 | AD24: 214.60751 | AE24: 214.60751 | AF24: 214.60751 | AG24: 214.60751 | AH24: 214.60751 | AI24: 214.60751 | AJ24: 214.60751 | AK24: 214.60751 | AL24: 214.60751 | AM24: 214.60751 | AN24: 214.60751 | AO24: 214.60751 | AP24: 214.60751 | AT24: 1e-07 | AU24: 0.05 | AV24: 0.1 | AW24: 0.15 | AX24: 0.2 | AY24: 0.25 | AZ24: 0.3 | BA24: 0.35 | BB24: 0.4 | BC24: 0.45 | BD24: 0.5 | BE24: 0.55 | BF24: 0.6 | BG24: 0.65 | BH24: 0.7 | BI24: 0.75 | BJ24: 0.8 | BK24: 0.85 | BL24: 0.9 | BM24: 0.95 | BN24: 1
A25: 2010 | B25: =$C$2*'Historical responsibility C'!B25+(1-$C$2)*'Historical responsibility T'!B56 -> 17.493222 | C25: =B25*44/12 -> 64.141814 | D25: 9415570 | E25: =C25*1000000/D25 -> 6.8123134 | F25: =D25*P25/1000000 -> 51.10635 | G25: =D25*Q25/1000000 -> 51.10635 | J25: 2010 | K25: 9.0993761 | L25: 1.1678115 | M25: =L25+K25 -> 10.267188 | N25: =M25 -> 10.267188 | O25: 6935.7699 | P25: =M25*1000000000*44/12*1/(O25*1000000) -> 5.4278552 | Q25: =N25*1000000000*44/12*1/(O25*1000000) -> 5.4278552 | S25: Netto-noll | T25: 1990 | U25: =K77 -> 2025.8159 | V25: 2040.4119 | W25: 2037.8057 | X25: 2035.3605 | Y25: 2033.0618 | Z25: 2030.8968 | AA25: 2028.8542 | AB25: 2026.924 | AC25: 2025.097 | AD25: 2023.3652 | AE25: 2021.7214 | AF25: 2020.159 | AG25: 2018.6721 | AH25: 2017.2554 | AI25: 2015.904 | AJ25: 2014.6135 | AK25: 2013.3799 | AL25: 2012.1995 | AM25: 2011.069 | AN25: 2009.9851 | AO25: 2008.9452 | AP25: 2007.9466 | AS25: Historic
A26: 2011 | B26: =$C$2*'Historical responsibility C'!B26+(1-$C$2)*'Historical responsibility T'!B57 -> 16.476552 | C26: =B26*44/12 -> 60.414024 | D26: 9482855 | E26: =C26*1000000/D26 -> 6.3708687 | F26: =D26*P26/1000000 -> 53.116996 | G26: =D26*Q26/1000000 -> 53.116996 | J26: 2011 | K26: 9.4064171 | L26: 1.318542 | M26: =L26+K26 -> 10.724959 | N26: =M26 -> 10.724959 | O26: 7020.5749 | P26: =M26*1000000000*44/12*1/(O26*1000000) -> 5.6013718 | Q26: =N26*1000000000*44/12*1/(O26*1000000) -> 5.6013718 | T26: 2000 | U26: =K78 -> 2036.4581 | V26: 2049.1308 | W26: 2046.868 | X26: 2044.745 | Y26: 2042.7492 | Z26: 2040.8695 | AA26: 2039.0961 | AB26: 2037.4202 | AC26: 2035.8339 | AD26: 2034.3303 | AE26: 2032.9031 | AF26: 2031.5466 | AG26: 2030.2557 | AH26: 2029.0256 | AI26: 2027.8523 | AJ26: 2026.7319 | AK26: 2025.6608 | AL26: 2024.636 | AM26: 2023.6544 | AN26: 2022.7134 | AO26: 2021.8105 | AP26: 2020.9434 | AS26: Ekonomisk kapacitet | AT26: 214.60751 | AU26: 214.60751 | AV26: 214.60751 | AW26: 214.60751 | AX26: 214.60751 | AY26: 214.60751 | AZ26: 214.60751 | BA26: 214.60751 | BB26: 214.60751 | BC26: 214.60751 | BD26: 214.60751 | BE26: 214.60751 | BF26: 214.60751 | BG26: 214.60751 | BH26: 214.60751 | BI26: 214.60751 | BJ26: 214.60751 | BK26: 214.60751 | BL26: 214.60751 | BM26: 214.60751 | BN26: 214.60751
A27: 2012 | B27: =$C$2*'Historical responsibility C'!B27+(1-$C$2)*'Historical responsibility T'!B58 -> 15.624339 | C27: =B27*44/12 -> 57.289243 | D27: 9555893 | E27: =C27*1000000/D27 -> 5.9951741 | F27: =D27*P27/1000000 -> 53.359432 | G27: =D27*Q27/1000000 -> 53.359432 | J27: 2012 | K27: 9.54439 | L27: 1.2763209 | M27: =L27+K27 -> 10.820711 | N27: =M27 -> 10.820711 | O27: 7105.3799 | P27: =M27*1000000000*44/12*1/(O27*1000000) -> 5.5839294 | Q27: =N27*1000000000*44/12*1/(O27*1000000) -> 5.5839294 | T27: 2010 | U27: =K79 -> 2044.2868 | V27: 2053.9558 | W27: 2052.2293 | X27: 2050.6095 | Y27: 2049.0868 | Z27: 2047.6526 | AA27: 2046.2995 | AB27: 2045.0208 | AC27: 2043.8105 | AD27: 2042.6633 | AE27: 2041.5744 | AF27: 2040.5394 | AG27: 2039.5544 | AH27: 2038.6159 | AI27: 2037.7207 | AJ27: 2036.8658 | AK27: 2036.0486 | AL27: 2035.2667 | AM27: 2034.5177 | AN27: 2033.7997 | AO27: 2033.1108 | AP27: 2032.4493 | AS27: Inget historiskt ansvar - lika per capita utsläpp per år | AT27: 665.93937 | AU27: 666.97584 | AV27: 668.01231 | AW27: 669.04878 | AX27: 670.08525 | AY27: 671.12172 | AZ27: 672.15819 | BA27: 673.19466 | BB27: 674.23113 | BC27: 675.26761 | BD27: 676.30408 | BE27: 677.34055 | BF27: 678.37702 | BG27: 679.41349 | BH27: 680.44996 | BI27: 681.48643 | BJ27: 682.52291 | BK27: 683.55938 | BL27: 684.59585 | BM27: 685.63232 | BN27: 686.66879
A28: 2013 | B28: =$C$2*'Historical responsibility C'!B28+(1-$C$2)*'Historical responsibility T'!B59 -> 15.010199 | C28: =B28*44/12 -> 55.037398 | D28: 9644864 | E28: =C28*1000000/D28 -> 5.7063944 | F28: =D28*P28/1000000 -> 53.153118 | G28: =D28*Q28/1000000 -> 53.153118 | J28: 2013 | K28: 9.6287403 | L28: 1.178163 | M28: =L28+K28 -> 10.806903 | N28: =M28 -> 10.806903 | O28: 7190.1849 | P28: =M28*1000000000*44/12*1/(O28*1000000) -> 5.5110282 | Q28: =N28*1000000000*44/12*1/(O28*1000000) -> 5.5110282 | T28: Inget historiskt ansvar - lika per capita utsläpp per år | U28: =K80 -> 2045.9828 | V28: 2051.5113 | W28: 2050.5241 | X28: 2049.598 | Y28: 2048.7273 | Z28: 2047.9073 | AA28: 2047.1336 | AB28: 2046.4025 | AC28: 2045.7105 | AD28: 2045.0545 | AE28: 2044.4319 | AF28: 2043.8401 | AG28: 2043.2769 | AH28: 2042.7403 | AI28: 2042.2285 | AJ28: 2041.7397 | AK28: 2041.2724 | AL28: 2040.8253 | AM28: 2040.3971 | AN28: 2039.9866 | AO28: 2039.5927 | AP28: 2039.2144 | AS28: 1990 | AT28: 438.58709 | AU28: 397.88395 | AV28: 357.18073 | AW28: 316.47751 | AX28: 275.77429 | AY28: 235.07107 | AZ28: 194.36785 | BA28: 153.66463 | BB28: 112.96141 | BC28: 72.258185 | BD28: 31.554963 | BE28: -9.148258 | BF28: -49.851479 | BG28: -90.554701 | BH28: -131.25792 | BI28: -171.96114 | BJ28: -212.66436 | BK28: -253.36759 | BL28: -294.07081 | BM28: -334.77403 | BN28: -375.47725
A29: 2014 | B29: =$C$2*'Historical responsibility C'!B29+(1-$C$2)*'Historical responsibility T'!B60 -> 14.425649 | C29: =B29*44/12 -> 52.894046 | D29: 9747355 | E29: =C29*1000000/D29 -> 5.4265025 | F29: =D29*P29/1000000 -> 53.760547 | G29: =D29*Q29/1000000 -> 53.760547 | J29: 2014 | K29: 9.697487 | L29: 1.2455499 | M29: =L29+K29 -> 10.943037 | N29: =M29 -> 10.943037 | O29: 7274.9899 | P29: =M29*1000000000*44/12*1/(O29*1000000) -> 5.5153985 | Q29: =N29*1000000000*44/12*1/(O29*1000000) -> 5.5153985 | T29: Ekonomisk kapacitet | U29: =K81 -> 2027.6071 | V29: 2029.4772 | W29: 2029.1433 | X29: 2028.83 | Y29: 2028.5355 | Z29: 2028.2581 | AA29: 2027.9964 | AB29: 2027.7491 | AC29: 2027.515 | AD29: 2027.2931 | AE29: 2027.0825 | AF29: 2026.8824 | AG29: 2026.6919 | AH29: 2026.5104 | AI29: 2026.3372 | AJ29: 2026.1719 | AK29: 2026.0138 | AL29: 2025.8626 | AM29: 2025.7177 | AN29: 2025.5789 | AO29: 2025.4456 | AP29: 2025.3177 | AS29: 2000 | AT29: 617.17891 | AU29: 589.62081 | AV29: 562.06265 | AW29: 534.5045 | AX29: 506.94634 | AY29: 479.38819 | AZ29: 451.83003 | BA29: 424.27187 | BB29: 396.71372 | BC29: 369.15556 | BD29: 341.59741 | BE29: 314.03925 | BF29: 286.48109 | BG29: 258.92294 | BH29: 231.36478 | BI29: 203.80663 | BJ29: 176.24847 | BK29: 148.69031 | BL29: 121.13216 | BM29: 93.574002 | BN29: 66.015846
A30: 2015 | B30: =$C$2*'Historical responsibility C'!B30+(1-$C$2)*'Historical responsibility T'!B61 -> 14.34035 | C30: =B30*44/12 -> 52.581283 | D30: 9851017 | E30: =C30*1000000/D30 -> 5.3376502 | F30: =D30*P30/1000000 -> 53.927628 | G30: =D30*Q30/1000000 -> 53.927628 | J30: 2015 | K30: 9.6871374 | L30: 1.3010114 | M30: =L30+K30 -> 10.988149 | N30: =M30 -> 10.988149 | O30: 7359.7949 | P30: =M30*1000000000*44/12*1/(O30*1000000) -> 5.4743209 | Q30: =N30*1000000000*44/12*1/(O30*1000000) -> 5.4743209 | T30: 1990 | U30: =E85 -> -483.1092 | V30: -5.3012782e+08 | W30: -1382.7195 | X30: -852.592 | Y30: -675.88283 | Z30: -587.52825 | AA30: -534.5155 | AB30: -499.17367 | AC30: -473.9295 | AD30: -454.99637 | AE30: -440.27061 | AF30: -428.49 | AG30: -418.85132 | AH30: -410.81908 | AI30: -404.02258 | AJ30: -398.197 | AK30: -393.14817 | AL30: -388.73044 | AM30: -384.83244 | AN30: -381.36756 | AO30: -378.26739 | AP30: -375.47725 | AS30: 2010 | AT30: 716.01129 | AU30: 703.05386 | AV30: 690.09641 | AW30: 677.13895 | AX30: 664.1815 | AY30: 651.22404 | AZ30: 638.26659 | BA30: 625.30913 | BB30: 612.35168 | BC30: 599.39422 | BD30: 586.43676 | BE30: 573.47931 | BF30: 560.52185 | BG30: 547.5644 | BH30: 534.60694 | BI30: 521.64949 | BJ30: 508.69203 | BK30: 495.73458 | BL30: 482.77712 | BM30: 469.81967 | BN30: 456.86221
A31: 2016 | B31: =$C$2*'Historical responsibility C'!B31+(1-$C$2)*'Historical responsibility T'!B62 -> 14.210069 | C31: =B31*44/12 -> 52.103585 | D31: 9995153 | E31: =C31*1000000/D31 -> 5.2128851 | F31: =D31*P31/1000000 -> 52.704121 | G31: =D31*Q31/1000000 -> 52.704121 | J31: 2016 | K31: 9.6752125 | L31: 1.0108009 | M31: =L31+K31 -> 10.686013 | N31: =M31 -> 10.686013 | O31: 7430.7391 | P31: =M31*1000000000*44/12*1/(O31*1000000) -> 5.2729679 | Q31: =N31*1000000000*44/12*1/(O31*1000000) -> 5.2729679 | T31: 2000 | U31: =E86 -> 320.97935 | V31: 1.2557903e+09 | W31: 2452.0176 | X31: 1196.2272 | Y31: 777.63041 | Z31: 568.33201 | AA31: 442.75297 | AB31: 359.03361 | AC31: 299.23406 | AD31: 254.38441 | AE31: 219.50134 | AF31: 191.59489 | AG31: 168.76233 | AH31: 149.73521 | AI31: 133.63533 | AJ31: 119.83543 | AK31: 107.87553 | AL31: 97.410606 | AM31: 88.176853 | AN31: 79.969072 | AO31: 72.625269 | AP31: 66.015846
A32: 2017 | B32: =$C$2*'Historical responsibility C'!B32+(1-$C$2)*'Historical responsibility T'!B63 -> 14.142596 | C32: =B32*44/12 -> 51.856184 | D32: 10120242 | E32: =C32*1000000/D32 -> 5.1240063 | F32: =D32*P32/1000000 -> 53.442816 | G32: =D32*Q32/1000000 -> 53.442816 | J32: 2017 | K32: 9.8043348 | L32: 0.99969414 | M32: =L32+K32 -> 10.804029 | N32: =M32 -> 10.804029 | O32: 7501.6834 | P32: =M32*1000000000*44/12*1/(O32*1000000) -> 5.2807844 | Q32: =N32*1000000000*44/12*1/(O32*1000000) -> 5.2807844 | T32: 2010 | U32: =E87 -> 912.48534 | V32: 2.2441141e+09 | W32: 4720.6786 | X32: 2476.5647 | Y32: 1728.5268 | Z32: 1354.5078 | AA32: 1130.0964 | AB32: 980.48879 | AC32: 873.62623 | AD32: 793.4793 | AE32: 731.1428 | AF32: 681.2736 | AG32: 640.47153 | AH32: 606.46981 | AI32: 577.69912 | AJ32: 553.03852 | AK32: 531.66601 | AL32: 512.96506 | AM32: 496.46422 | AN32: 481.79681 | AO32: 468.67334 | AP32: 456.86221
A33: 2018 | B33: =$C$2*'Historical responsibility C'!B33+(1-$C$2)*'Historical responsibility T'!B64 -> 14.097095 | C33: =B33*44/12 -> 51.689348 | D33: 10230185 | E33: =C33*1000000/D33 -> 5.0526309 | F33: =D33*P33/1000000 -> 54.753696 | G33: =D33*Q33/1000000 -> 54.753696 | J33: 2018 | K33: 10.000813 | L33: 1.0528217 | M33: =L33+K33 -> 11.053635 | N33: =M33 -> 11.053635 | O33: 7572.6276 | P33: =M33*1000000000*44/12*1/(O33*1000000) -> 5.3521707 | Q33: =N33*1000000000*44/12*1/(O33*1000000) -> 5.3521707 | T33: Inget historiskt ansvar - lika per capita utsläpp per år | U33: =E88 -> 1040.6307 | V33: 1.7433949e+09 | W33: 3999.1181 | X33: 2255.7237 | Y33: 1674.5923 | Z33: 1384.0265 | AA33: 1209.6871 | AB33: 1093.4608 | AC33: 1010.442 | AD33: 948.17795 | AE33: 899.75033 | AF33: 861.00823 | AG33: 829.31015 | AH33: 802.89508 | AI33: 780.54387 | AJ33: 761.38569 | AK33: 744.78194 | AL33: 730.25365 | AM33: 717.43457 | AN33: 706.03984 | AO33: 695.84455 | AP33: 686.66879
A34: 2019 | B34: =$C$2*'Historical responsibility C'!B34+(1-$C$2)*'Historical responsibility T'!B65 -> 13.600189 | C34: =B34*44/12 -> 49.867361 | D34: 10327553 | E34: =C34*1000000/D34 -> 4.8285746 | F34: =D34*P34/1000000 -> 54.794294 | G34: =D34*Q34/1000000 -> 54.794294 | J34: 2019 | K34: 10.016143 | L34: 1.0440531 | M34: =L34+K34 -> 11.060196 | N34: =M34 -> 11.060196 | O34: 7643.5719 | P34: =M34*1000000000*44/12*1/(O34*1000000) -> 5.3056415 | Q34: =N34*1000000000*44/12*1/(O34*1000000) -> 5.3056415 | T34: Ekonomisk kapacitet | U34: =E89 -> -347.77104 | V34: -2.7699237e+09 | W34: -5048.2484 | X34: -2278.3243 | Y34: -1355.0162 | Z34: -893.36216 | AA34: -616.36975 | AB34: -431.70813 | AC34: -299.80698 | AD34: -200.88112 | AE34: -123.93878 | AF34: -62.38491 | AG34: -12.022652 | AH34: 29.945896 | AI34: 65.457744 | AJ34: 95.896472 | AK34: 122.2767 | AL34: 145.3594 | AM34: 165.72649 | AN34: 183.83057 | AO34: 200.02896 | AP34: 214.60751
A35: 2020 | D35: 10379295 | F35: =D35*P35/1000000 -> 51.187339 | G35: =D35*Q35/1000000 -> 51.187339 | J35: 2020 | K35: 9.4999578 | L35: 0.87608978 | M35: =L35+K35 -> 10.376048 | N35: =M35 -> 10.376048 | O35: 7714.5161 | P35: =M35*1000000000*44/12*1/(O35*1000000) -> 4.9316778 | Q35: =N35*1000000000*44/12*1/(O35*1000000) -> 4.9316778 | T35: 1990 | U35: =K85 -> 1999.6242 | V35: -25878918 | W35: 1953.6468 | X35: 1979.9475 | Y35: 1988.9691 | Z35: 1993.6542 | AA35: 1996.593 | AB35: 1998.6497 | AC35: 2000.1958 | AD35: 2001.4174 | AE35: 2002.4185 | AF35: 2003.2619 | AG35: 2003.9877 | AH35: 2004.6231 | AI35: 2005.1869 | AJ35: 2005.6928 | AK35: 2006.1511 | AL35: 2006.5694 | AM35: 2006.9538 | AN35: 2007.309 | AO35: 2007.6389 | AP35: 2007.9466
A36: 2021 | D36: 10428301 | F36: =D36*P36/1000000 -> 54.514965 | G36: =D36*Q36/1000000 -> 51.932368 | J36: 2021 | M36: ='IPCC IMPs'!F14/1000 -> 11.092523 | N36: ='IPCC IMPs'!G14/1000 -> 10.567024 | O36: 7780.3578 | P36: =M36*1000000000*44/12*1/(O36*1000000) -> 5.227598 | Q36: =N36*1000000000*44/12*1/(O36*1000000) -> 4.9799453 | T36: 2000 | U36: =K86 -> 2031.8733 | V36: 61309933 | W36: 2134.8929 | X36: 2073.7926 | Y36: 2053.5518 | Z36: 2043.5177 | AA36: 2037.5603 | AB36: 2033.637 | AC36: 2030.8728 | AD36: 2028.8303 | AE36: 2027.2669 | AF36: 2026.0371 | AG36: 2025.0487 | AH36: 2024.2401 | AI36: 2023.5689 | AJ36: 2023.0047 | AK36: 2022.5256 | AL36: 2022.1149 | AM36: 2021.7602 | AN36: 2021.4515 | AO36: 2021.1813 | AP36: 2020.9434
A37: 2022 | D37: 10477130 | F37: =D37*P37/1000000 -> 51.357696 | G37: =D37*Q37/1000000 -> 51.180177 | J37: 2022 | M37: ='IPCC IMPs'!F15/1000 -> 10.489411 | N37: ='IPCC IMPs'!G15/1000 -> 10.453155 | O37: 7846.1995 | P37: =M37*1000000000*44/12*1/(O37*1000000) -> 4.901886 | Q37: =N37*1000000000*44/12*1/(O37*1000000) -> 4.8849425 | T37: 2010 | U37: =K87 -> 2055.5965 | V37: 1.0956008e+08 | W37: 2242.1195 | X37: 2132.4378 | Y37: 2095.8022 | Z37: 2077.433 | AA37: 2066.3739 | AB37: 2058.9725 | AC37: 2053.663 | AD37: 2049.6627 | AE37: 2046.5363 | AF37: 2044.0226 | AG37: 2041.9555 | AH37: 2040.2239 | AI37: 2038.751 | AJ37: 2037.4818 | AK37: 2036.376 | AL37: 2035.4033 | AM37: 2034.5406 | AN37: 2033.7697 | AO37: 2033.0764 | AP37: 2032.4493
A38: 2023 | D38: 10523969 | F38: =D38*P38/1000000 -> 48.216562 | G38: =D38*Q38/1000000 -> 50.425817 | J38: 2023 | M38: ='IPCC IMPs'!F16/1000 -> 9.8863002 | N38: ='IPCC IMPs'!G16/1000 -> 10.339285 | O38: 7912.0412 | P38: =M38*1000000000*44/12*1/(O38*1000000) -> 4.5815949 | Q38: =N38*1000000000*44/12*1/(O38*1000000) -> 4.7915209 | T38: Inget historiskt ansvar - lika per capita utsläpp per år | U38: =K88 -> 2060.7359 | V38: 85114877 | W38: 2208.0154 | X38: 2122.3223 | Y38: 2093.4058 | Z38: 2078.7065 | AA38: 2069.7104 | AB38: 2063.5781 | AC38: 2059.0915 | AD38: 2055.6407 | AE38: 2052.8864 | AF38: 2050.6242 | AG38: 2048.7238 | AH38: 2047.0979 | AI38: 2045.686 | AJ38: 2044.4444 | AK38: 2043.3411 | AL38: 2042.3516 | AM38: 2041.4575 | AN38: 2040.644 | AO38: 2039.8994 | AP38: 2039.2144
A39: 2024 | D39: 10569942 | F39: =D39*P39/1000000 -> 45.097614 | G39: =D39*Q39/1000000 -> 49.674935 | J39: 2024 | M39: ='IPCC IMPs'!F17/1000 -> 9.283189 | N39: ='IPCC IMPs'!G17/1000 -> 10.225415 | O39: 7977.8829 | P39: =M39*1000000000*44/12*1/(O39*1000000) -> 4.2665905 | Q39: =N39*1000000000*44/12*1/(O39*1000000) -> 4.6996413 | T39: Ekonomisk kapacitet | U39: =K89 -> 2005.0522 | V39: -1.3522616e+08 | W39: 1780.3982 | X39: 1914.6425 | Y39: 1958.7937 | Z39: 1980.4606 | AA39: 1993.1616 | AB39: 2001.4002 | AC39: 2007.1045 | AD39: 2011.2373 | AE39: 2014.3322 | AF39: 2016.7087 | AG39: 2018.5691 | AH39: 2020.048 | AI39: 2021.2379 | AJ39: 2022.2047 | AK39: 2022.9963 | AL39: 2023.6482 | AM39: 2024.1876 | AN39: 2024.6354 | AO39: 2025.0078 | AP39: 2025.3177
A40: 2025 | D40: 10616595 | F40: =D40*P40/1000000 -> 42.007139 | G40: =D40*Q40/1000000 -> 48.934709 | J40: 2025 | M40: ='IPCC IMPs'!F18/1000 -> 8.6800778 | N40: ='IPCC IMPs'!G18/1000 -> 10.111545 | O40: 8043.7246 | P40: =M40*1000000000*44/12*1/(O40*1000000) -> 3.9567431 | Q40: =N40*1000000000*44/12*1/(O40*1000000) -> 4.6092658
A41: 2026 | D41: 10663635 | F41: =D41*P41/1000000 -> 38.815428 | G41: =D41*Q41/1000000 -> 47.980324 | J41: 2026 | M41: ='IPCC IMPs'!F19/1000 -> 8.0442745 | N41: ='IPCC IMPs'!G19/1000 -> 9.9436466 | O41: 8103.2494 | P41: =M41*1000000000*44/12*1/(O41*1000000) -> 3.639981 | Q41: =N41*1000000000*44/12*1/(O41*1000000) -> 4.4994342
A42: 2027 | D42: 10710874 | F42: =D42*P42/1000000 -> 35.64406 | G42: =D42*Q42/1000000 -> 47.033638 | J42: 2027 | M42: ='IPCC IMPs'!F20/1000 -> 7.4084713 | N42: ='IPCC IMPs'!G20/1000 -> 9.7757483 | O42: 8162.7741 | P42: =M42*1000000000*44/12*1/(O42*1000000) -> 3.3278386 | Q42: =N42*1000000000*44/12*1/(O42*1000000) -> 4.3912045
A43: 2028 | D43: 10758403 | F43: =D43*P43/1000000 -> 32.492698 | G43: =D43*Q43/1000000 -> 46.094827 | J43: 2028 | M43: ='IPCC IMPs'!F21/1000 -> 6.7726681 | N43: ='IPCC IMPs'!G21/1000 -> 9.6078499 | O43: 8222.2989 | P43: =M43*1000000000*44/12*1/(O43*1000000) -> 3.0202157 | Q43: =N43*1000000000*44/12*1/(O43*1000000) -> 4.2845418
A44: 2029 | D44: 10805992 | F44: =D44*P44/1000000 -> 29.360041 | G44: =D44*Q44/1000000 -> 45.162696 | J44: 2029 | M44: ='IPCC IMPs'!F22/1000 -> 6.1368649 | N44: ='IPCC IMPs'!G22/1000 -> 9.4399516 | O44: 8281.8236 | P44: =M44*1000000000*44/12*1/(O44*1000000) -> 2.7170149 | Q44: =N44*1000000000*44/12*1/(O44*1000000) -> 4.1794123
A45: 2030 | D45: 10853866 | F45: =D45*P45/1000000 -> 26.246182 | G45: =D45*Q45/1000000 -> 44.238006 | J45: 2030 | M45: ='IPCC IMPs'!F23/1000 -> 5.5010616 | N45: ='IPCC IMPs'!G23/1000 -> 9.2720532 | O45: 8341.3484 | P45: =M45*1000000000*44/12*1/(O45*1000000) -> 2.4181413 | Q45: =N45*1000000000*44/12*1/(O45*1000000) -> 4.0757833
A46: 2031 | D46: 10900734 | F46: =D46*P46/1000000 -> 24.46509 | G46: =D46*Q46/1000000 -> 42.007258 | J46: 2031 | M46: ='IPCC IMPs'!F24/1000 -> 5.1383005 | N46: ='IPCC IMPs'!G24/1000 -> 8.8226086 | O46: 8394.597 | P46: =M46*1000000000*44/12*1/(O46*1000000) -> 2.2443526 | Q46: =N46*1000000000*44/12*1/(O46*1000000) -> 3.8536174
A47: 2032 | D47: 10946282 | F47: =D47*P47/1000000 -> 22.688957 | G47: =D47*Q47/1000000 -> 39.78155 | J47: 2032 | M47: ='IPCC IMPs'!F25/1000 -> 4.7755393 | N47: ='IPCC IMPs'!G25/1000 -> 8.3731641 | O47: 8447.8455 | P47: =M47*1000000000*44/12*1/(O47*1000000) -> 2.0727546 | Q47: =N47*1000000000*44/12*1/(O47*1000000) -> 3.6342523
A48: 2033 | D48: 10991015 | F48: =D48*P48/1000000 -> 20.919269 | G48: =D48*Q48/1000000 -> 37.56328 | J48: 2033 | M48: ='IPCC IMPs'!F26/1000 -> 4.4127782 | N48: ='IPCC IMPs'!G26/1000 -> 7.9237195 | O48: 8501.0941 | P48: =M48*1000000000*44/12*1/(O48*1000000) -> 1.9033064 | Q48: =N48*1000000000*44/12*1/(O48*1000000) -> 3.4176352
A49: 2034 | D49: 11035492 | F49: =D49*P49/1000000 -> 19.157257 | G49: =D49*Q49/1000000 -> 35.35457 | J49: 2034 | M49: ='IPCC IMPs'!F27/1000 -> 4.050017 | N49: ='IPCC IMPs'!G27/1000 -> 7.474275 | O49: 8554.3426 | P49: =M49*1000000000*44/12*1/(O49*1000000) -> 1.7359677 | Q49: =N49*1000000000*44/12*1/(O49*1000000) -> 3.2037149
A50: 2035 | D50: 11079751 | F50: =D50*P50/1000000 -> 17.402958 | G50: =D50*Q50/1000000 -> 33.155505 | J50: 2035 | M50: ='IPCC IMPs'!F28/1000 -> 3.6872558 | N50: ='IPCC IMPs'!G28/1000 -> 7.0248304 | O50: 8607.5912 | P50: =M50*1000000000*44/12*1/(O50*1000000) -> 1.5706994 | Q50: =N50*1000000000*44/12*1/(O50*1000000) -> 2.9924413
A51: 2036 | D51: 11123845 | F51: =D51*P51/1000000 -> 16.079653 | G51: =D51*Q51/1000000 -> 31.339793 | J51: 2036 | M51: ='IPCC IMPs'!F29/1000 -> 3.4117464 | N51: ='IPCC IMPs'!G29/1000 -> 6.6496105 | O51: 8654.1904 | P51: =M51*1000000000*44/12*1/(O51*1000000) -> 1.4455121 | Q51: =N51*1000000000*44/12*1/(O51*1000000) -> 2.8173525
... A61: 2046 | D61: 11586564 | F61: =D61*P61/1000000 -> 5.2788848 | G61: =D61*Q61/1000000 -> 17.554473 | J61: 2046 | M61: ='IPCC IMPs'!F39/1000 -> 1.1268471 | N61: ='IPCC IMPs'!G39/1000 -> 3.7472322 | O61: 9068.7807 | P61: =M61*1000000000*44/12*1/(O61*1000000) -> 0.455604 | Q61: =N61*1000000000*44/12*1/(O61*1000000) -> 1.5150715
A62: 2047 | D62: 11634411 | F62: =D62*P62/1000000 -> 4.7046551 | G62: =D62*Q62/1000000 -> 16.644848 | J62: 2047 | M62: ='IPCC IMPs'!F40/1000 -> 1.0035933 | N62: ='IPCC IMPs'!G40/1000 -> 3.5506659 | O62: 9100.0923 | P62: =M62*1000000000*44/12*1/(O62*1000000) -> 0.40437416 | Q62: =N62*1000000000*44/12*1/(O62*1000000) -> 1.4306567 | S62: Budget
A63: 2048 | D63: 11682024 | F63: =D63*P63/1000000 -> 4.1295447 | G63: =D63*Q63/1000000 -> 15.733593 | J63: 2048 | M63: ='IPCC IMPs'!F41/1000 -> 0.88033952 | N63: ='IPCC IMPs'!G41/1000 -> 3.3540996 | O63: 9131.4038 | P63: =M63*1000000000*44/12*1/(O63*1000000) -> 0.35349565 | Q63: =N63*1000000000*44/12*1/(O63*1000000) -> 1.3468208
A64: 2049 | D64: 11729092 | F64: =D64*P64/1000000 -> 3.553503 | G64: =D64*Q64/1000000 -> 14.820387 | J64: 2049 | M64: ='IPCC IMPs'!F42/1000 -> 0.75708572 | N64: ='IPCC IMPs'!G42/1000 -> 3.1575332 | O64: 9162.7154 | P64: =M64*1000000000*44/12*1/(O64*1000000) -> 0.30296488 | Q64: =N64*1000000000*44/12*1/(O64*1000000) -> 1.263558
A65: 2050 | D65: 11775563 | F65: =D65*P65/1000000 -> 2.9766067 | G65: =D65*Q65/1000000 -> 13.905317 | J65: 2050 | M65: ='IPCC IMPs'!F43/1000 -> 0.63383193 | N65: ='IPCC IMPs'!G43/1000 -> 2.9609669 | O65: 9194.0269 | P65: =M65*1000000000*44/12*1/(O65*1000000) -> 0.25277829 | Q65: =N65*1000000000*44/12*1/(O65*1000000) -> 1.1808622
E66: Historic responsibility
C67: Historic Emissions | E67: Budget for whole period | S67: Netto-noll
C68: MtCO2 | F68: MtCO2
B69: 1990-2021 | C69: =SUM(C5:C65) -> 1864.1963 | E69: 1990-2050 | F69: ='Historical responsibility C'!F69*$C$2+'Historical responsibility T'!F103*(1-$C$2) -> 2034.1422 | G69: =SUM(D5:D65)/1000000*SUM(N5:N65)*44/12/SUM(O5:O65)*1000 -> 2445.5113
B70: 2000-2021 | C70: =SUM(C15:C65) -> 1188.1052 | E70: 2000-2050 | F70: ='Historical responsibility C'!F70*$C$2+'Historical responsibility T'!F104*(1-$C$2) -> 1623.4004 | G70: =SUM(D15:D65)/1000000*SUM(N15:N65)*44/12/SUM(O15:O65)*1000 -> 2020.757
B71: 2010-2021 | C71: =SUM(C25:C65) -> 547.87429 | E71: 2010-2050 | F71: ='Historical responsibility C'!F71*$C$2+'Historical responsibility T'!F105*(1-$C$2) -> 1178.3664 | G71: =SUM(D25:D65)/1000000*SUM(N25:N65)*44/12/SUM(O25:O65)*1000 -> 1563.2459
E72: 2020-2050 | F72: ='Historical responsibility C'!F72*$C$2+SUM('Historical responsibility T'!F66:F96)*(1-$C$2) -> 672.78007 | G72: =SUM(G35:G65) -> 1042.6761
D75: Start year historic responsibility | E75: 1.5C Budget 2020-2050 | F75: 2C Budget 2020-2050 | J75: Linear reduction
E76: MtCO2 | F76: MtCO2 | J76: Number of years until net-zero | K76: Year for net-zero | M76: Linear reduction rate | N76: Exponential reduction rate
D77: 1990 | E77: =F69-C69 -> 169.94592 | F77: =G69-C69 -> 581.31505 | I77: 1990 | J77: =E77/$C$34*2 -> 6.8159178 | K77: =2019+J77 -> 2025.8159 | M77: =(0-$C$34)/($A$34-K77)/$C$34 -> 0.14671538 | N77: =M77*2 -> 0.29343077
D78: 2000 | E78: =F70-C70 -> 435.29514 | F78: =G70-C70 -> 832.65177 | I78: 2000 | J78: =E78/$C$34*2 -> 17.458118 | K78: =2019+J78 -> 2036.4581 | M78: =(0-$C$34)/($A$34-K78)/$C$34 -> 0.057279942 | N78: =M78*2 -> 0.11455988
D79: 2010 | E79: =F71-C71 -> 630.49211 | F79: =G71-C71 -> 1015.3716 | I79: 2010 | J79: =E79/$C$34*2 -> 25.286765 | K79: =2019+J79 -> 2044.2868 | M79: =(0-$C$34)/($A$34-K79)/$C$34 -> 0.039546379 | N79: =M79*2 -> 0.079092759
D80: Inget historiskt ansvar - lika per capita utsläpp per år | E80: =F72-C72 -> 672.78007 | F80: =G72-C72 -> 1042.6761 | I80: Inget historiskt ansvar - lika per capita utsläpp per år | J80: =E80/$C$34*2 -> 26.982783 | K80: =2019+J80 -> 2045.9828 | M80: =(0-$C$34)/($A$34-K80)/$C$34 -> 0.03706067 | N80: =M80*2 -> 0.07412134
D81: Ekonomisk kapacitet | E81: ='Economic capacity'!L6 -> 214.60751 | F81: ='Economic capacity'!M6 -> 325.77723 | I81: Ekonomisk kapacitet | J81: =E81/$C$34*2 -> 8.6071332 | K81: =2019+J81 -> 2027.6071 | M81: =(0-$C$34)/($A$34-K81)/$C$34 -> 0.1161827 | N81: =M81*2 -> 0.23236541
D83: Budget terr net-zero | E83: ='Historical responsibility T'!C65*24/2 -> 491.59993
D85: 1990 | E85: =(F69-SUM(C5:C34)-E83*(1-C2))/C2 -> -483.1092 | I85: 1990 | J85: =E85/$C$34*2 -> -19.375768 | K85: =2019+J85 -> 1999.6242
D86: 2000 | E86: =(F70-SUM(C15:C34)-E83*(1-C2))/C2 -> 320.97935 | I86: 2000 | J86: =E86/$C$34*2 -> 12.873324 | K86: =2019+J86 -> 2031.8733
D87: 2010 | E87: =(F71-SUM(C25:C34)-E83*(1-C2))/C2 -> 912.48534 | I87: 2010 | J87: =E87/$C$34*2 -> 36.596496 | K87: =2019+J87 -> 2055.5965
D88: Inget historiskt ansvar - lika per capita utsläpp per år | E88: =(E80-$E$83*(1-$C$2))/C2 -> 1040.6307 | I88: Inget historiskt ansvar - lika per capita utsläpp per år | J88: =E88/$C$34*2 -> 41.735944 | K88: =2019+J88 -> 2060.7359
D89: Ekonomisk kapacitet | E89: =(E81-$E$83*(1-$C$2))/C2 -> -347.77104 | I89: Ekonomisk kapacitet | J89: =E89/$C$34*2 -> -13.947842 | K89: =2019+J89 -> 2005.0522

Sheet Net-Zero C+T
A1: Year | B1: Historic emissions | C1: Economic capacity for transition | D1: Equal emissions per capita and year | E1: 1990 | F1: 2000 | G1: 2010
A2: 2015 | B2: ='Historical responsibility C+T'!C30 -> 52.581283
A3: 2016 | B3: ='Historical responsibility C+T'!C31 -> 52.103585
A4: 2017 | B4: ='Historical responsibility C+T'!C32 -> 51.856184
A5: 2018 | B5: ='Historical responsibility C+T'!C33 -> 51.689348
A6: 2019 | B6: ='Historical responsibility C+T'!C34 -> 49.867361 | C6: =$B6 -> 49.867361 | D6: =$B6 -> 49.867361 | E6: =$B6 -> 49.867361 | F6: =$B6 -> 49.867361 | G6: =$B6 -> 49.867361
A7: 2020 | C7: =C$6-C$6*'Historical responsibility C+T'!$M$81*($A7-$A$6) -> 44.073636 | D7: =D$6-D$6*'Historical responsibility C+T'!$M$80*($A7-$A$6) -> 48.019243 | E7: =F$6-F$6*'Historical responsibility C+T'!$M$77*($A7-$A$6) -> 42.551052 | F7: =F$6-F$6*'Historical responsibility C+T'!$M$78*($A7-$A$6) -> 47.010961 | G7: =G$6-G$6*'Historical responsibility C+T'!$M$79*($A7-$A$6) -> 47.895287
A8: 2021 | C8: =C$6-C$6*'Historical responsibility C+T'!$M$81*($A8-$A$6) -> 38.279911 | D8: =D$6-D$6*'Historical responsibility C+T'!$M$80*($A8-$A$6) -> 46.171125 | E8: =F$6-F$6*'Historical responsibility C+T'!$M$77*($A8-$A$6) -> 35.234743 | F8: =F$6-F$6*'Historical responsibility C+T'!$M$78*($A8-$A$6) -> 44.154561 | G8: =G$6-G$6*'Historical responsibility C+T'!$M$79*($A8-$A$6) -> 45.923213
A9: 2022 | C9: =C$6-C$6*'Historical responsibility C+T'!$M$81*($A9-$A$6) -> 32.486186 | D9: =D$6-D$6*'Historical responsibility C+T'!$M$80*($A9-$A$6) -> 44.323007 | E9: =F$6-F$6*'Historical responsibility C+T'!$M$77*($A9-$A$6) -> 27.918434 | F9: =F$6-F$6*'Historical responsibility C+T'!$M$78*($A9-$A$6) -> 41.298162 | G9: =G$6-G$6*'Historical responsibility C+T'!$M$79*($A9-$A$6) -> 43.95114
A10: 2023 | C10: =C$6-C$6*'Historical responsibility C+T'!$M$81*($A10-$A$6) -> 26.692462 | D10: =D$6-D$6*'Historical responsibility C+T'!$M$80*($A10-$A$6) -> 42.474889 | F10: =F$6-F$6*'Historical responsibility C+T'!$M$78*($A10-$A$6) -> 38.441762 | G10: =G$6-G$6*'Historical responsibility C+T'!$M$79*($A10-$A$6) -> 41.979066
A11: 2024 | C11: =C$6-C$6*'Historical responsibility C+T'!$M$81*($A11-$A$6) -> 20.898737 | D11: =D$6-D$6*'Historical responsibility C+T'!$M$80*($A11-$A$6) -> 40.626772 | F11: =F$6-F$6*'Historical responsibility C+T'!$M$78*($A11-$A$6) -> 35.585363 | G11: =G$6-G$6*'Historical responsibility C+T'!$M$79*($A11-$A$6) -> 40.006993
A12: 2025 | C12: =C$6-C$6*'Historical responsibility C+T'!$M$81*($A12-$A$6) -> 15.105012 | D12: =D$6-D$6*'Historical responsibility C+T'!$M$80*($A12-$A$6) -> 38.778654 | F12: =F$6-F$6*'Historical responsibility C+T'!$M$78*($A12-$A$6) -> 32.728963 | G12: =G$6-G$6*'Historical responsibility C+T'!$M$79*($A12-$A$6) -> 38.034919
A13: 2026 | C13: =C$6-C$6*'Historical responsibility C+T'!$M$81*($A13-$A$6) -> 9.3112875 | D13: =D$6-D$6*'Historical responsibility C+T'!$M$80*($A13-$A$6) -> 36.930536 | F13: =F$6-F$6*'Historical responsibility C+T'!$M$78*($A13-$A$6) -> 29.872564 | G13: =G$6-G$6*'Historical responsibility C+T'!$M$79*($A13-$A$6) -> 36.062846
A14: 2027 | C14: =C$6-C$6*'Historical responsibility C+T'!$M$81*($A14-$A$6) -> 3.5175628 | D14: =D$6-D$6*'Historical responsibility C+T'!$M$80*($A14-$A$6) -> 35.082418 | F14: =F$6-F$6*'Historical responsibility C+T'!$M$78*($A14-$A$6) -> 27.016164 | G14: =G$6-G$6*'Historical responsibility C+T'!$M$79*($A14-$A$6) -> 34.090772
A15: 2028 | D15: =D$6-D$6*'Historical responsibility C+T'!$M$80*($A15-$A$6) -> 33.2343 | F15: =F$6-F$6*'Historical responsibility C+T'!$M$78*($A15-$A$6) -> 24.159765 | G15: =G$6-G$6*'Historical responsibility C+T'!$M$79*($A15-$A$6) -> 32.118699
A16: 2029 | D16: =D$6-D$6*'Historical responsibility C+T'!$M$80*($A16-$A$6) -> 31.386183 | F16: =F$6-F$6*'Historical responsibility C+T'!$M$78*($A16-$A$6) -> 21.303365 | G16: =G$6-G$6*'Historical responsibility C+T'!$M$79*($A16-$A$6) -> 30.146625
A17: 2030 | D17: =D$6-D$6*'Historical responsibility C+T'!$M$80*($A17-$A$6) -> 29.538065 | F17: =F$6-F$6*'Historical responsibility C+T'!$M$78*($A17-$A$6) -> 18.446966 | G17: =G$6-G$6*'Historical responsibility C+T'!$M$79*($A17-$A$6) -> 28.174551
A18: 2031 | D18: =D$6-D$6*'Historical responsibility C+T'!$M$80*($A18-$A$6) -> 27.689947 | F18: =F$6-F$6*'Historical responsibility C+T'!$M$78*($A18-$A$6) -> 15.590566 | G18: =G$6-G$6*'Historical responsibility C+T'!$M$79*($A18-$A$6) -> 26.202478
A19: 2032 | D19: =D$6-D$6*'Historical responsibility C+T'!$M$80*($A19-$A$6) -> 25.841829 | F19: =F$6-F$6*'Historical responsibility C+T'!$M$78*($A19-$A$6) -> 12.734167 | G19: =G$6-G$6*'Historical responsibility C+T'!$M$79*($A19-$A$6) -> 24.230404
A20: 2033 | D20: =D$6-D$6*'Historical responsibility C+T'!$M$80*($A20-$A$6) -> 23.993712 | F20: =F$6-F$6*'Historical responsibility C+T'!$M$78*($A20-$A$6) -> 9.8777671 | G20: =G$6-G$6*'Historical responsibility C+T'!$M$79*($A20-$A$6) -> 22.258331
A21: 2034 | D21: =D$6-D$6*'Historical responsibility C+T'!$M$80*($A21-$A$6) -> 22.145594 | G21: =G$6-G$6*'Historical responsibility C+T'!$M$79*($A21-$A$6) -> 20.286257
A22: 2035 | D22: =D$6-D$6*'Historical responsibility C+T'!$M$80*($A22-$A$6) -> 20.297476 | G22: =G$6-G$6*'Historical responsibility C+T'!$M$79*($A22-$A$6) -> 18.314184
A23: 2036 | D23: =D$6-D$6*'Historical responsibility C+T'!$M$80*($A23-$A$6) -> 18.449358 | G23: =G$6-G$6*'Historical responsibility C+T'!$M$79*($A23-$A$6) -> 16.34211
A24: 2037 | D24: =D$6-D$6*'Historical responsibility C+T'!$M$80*($A24-$A$6) -> 16.60124 | G24: =G$6-G$6*'Historical responsibility C+T'!$M$79*($A24-$A$6) -> 14.370037
A25: 2038 | D25: =D$6-D$6*'Historical responsibility C+T'!$M$80*($A25-$A$6) -> 14.753123 | G25: =G$6-G$6*'Historical responsibility C+T'!$M$79*($A25-$A$6) -> 12.397963
A26: 2039 | D26: =D$6-D$6*'Historical responsibility C+T'!$M$80*($A26-$A$6) -> 12.905005 | G26: =G$6-G$6*'Historical responsibility C+T'!$M$79*($A26-$A$6) -> 10.425889
A27: 2040 | D27: =D$6-D$6*'Historical responsibility C+T'!$M$80*($A27-$A$6) -> 11.056887 | G27: =G$6-G$6*'Historical responsibility C+T'!$M$79*($A27-$A$6) -> 8.4538158
A28: 2041 | D28: =D$6-D$6*'Historical responsibility C+T'!$M$80*($A28-$A$6) -> 9.2087692 | G28: =G$6-G$6*'Historical responsibility C+T'!$M$79*($A28-$A$6) -> 6.4817423
A29: 2042 | D29: =D$6-D$6*'Historical responsibility C+T'!$M$80*($A29-$A$6) -> 7.3606514 | G29: =G$6-G$6*'Historical responsibility C+T'!$M$79*($A29-$A$6) -> 4.5096687
A30: 2043 | D30: =D$6-D$6*'Historical responsibility C+T'!$M$80*($A30-$A$6) -> 5.5125336
A31: 2044 | D31: =D$6-D$6*'Historical responsibility C+T'!$M$80*($A31-$A$6) -> 3.6644159
A32: 2045 | D32: =D$6-D$6*'Historical responsibility C+T'!$M$80*($A32-$A$6) -> 1.8162981
A33: 2046
A34: 2047
A35: 2048
A36: 2049
A37: 2050
A38: 2051
A39: 2052
A40: 2053
A41: 2054
A42: 2055

Sheet IPCC IMPs
A1: Model | B1: Scenario | C1: Region | D1: Variable | E1: Unit | F1: 2005 | G1: 2010 | H1: 2015 | I1: 2020 | J1: 2025 | K1: 2030 | L1: 2035 | M1: 2040 | N1: 2045 | O1: 2050 | P1: 2055 | Q1: 2060 | R1: 2065 | S1: 2070 | T1: 2075 | U1: 2080 | V1: 2085 | W1: 2090 | X1: 2095 | Y1: 2100
A2: REMIND-MAgPIE 2.1-4.3 | B2: DeepElec_SSP2_ HighRE_Budg900 | C2: World | D2: Emissions|CO2 | E2: Mt CO2/yr | F2: 33205.426 | G2: 37640.729 | H2: 40369.947 | I2: 42883.991 | J2: 31826.952 | K2: 20170.559 | L2: 13519.938 | M2: 8468.9326 | N2: 4583.7033 | O2: 2324.0504 | P2: 885.0317 | Q2: -64.9415 | S2: -945.2403 | U2: -1269.17 | W2: -1572.1363 | Y2: -1711.9883
A3: WITCH 5.0 | B3: CO_Bridge | C3: World | D3: Emissions|CO2 | E3: Mt CO2/yr | F3: 33082.099 | G3: 35938.952 | H3: 38655.982 | I3: 39163.279 | J3: 37075.665 | K3: 33997.529 | L3: 25757.712 | M3: 18878.679 | N3: 14460.595 | O3: 10856.879 | P3: 8462.6897 | Q3: 6484.6725 | R3: 4505.9847 | S3: 2304.4739 | T3: -366.91575 | U3: -2660.5269 | V3: -3723.2085 | W3: -4588.914 | X3: -5147.6689 | Y3: -5678.9996
C5: Model | D5: REMIND-MAgPIE 2.1-4.3 | E5: WITCH 5.0
C6: Scenario | D6: DeepElec_SSP2_ HighRE_Budg900 | E6: CO_Bridge
C7: Region | D7: World | E7: World
C8: Variable | D8: Emissions|CO2 | E8: Emissions|CO2
C9: Unit | D9: Mt CO2/yr | E9: Mt CO2/yr
C10: 2005 | D10: 33205.426 | E10: 33082.099 | F10: 9056.0254 | G10: 9022.3907
C11: 2010 | D11: 37640.729 | E11: 35938.952 | F11: 10265.654 | G11: 9801.5324
C12: 2015 | D12: 40369.947 | E12: 38655.982 | F12: 11009.986 | G12: 10542.54
C13: 2020 | D13: 42883.991 | E13: 39163.279 | F13: 11695.634 | G13: 10680.894
D14: 40672.583 | E14: 38745.756 | F14: 11092.523 | G14: 10567.024
D15: 38461.175 | E15: 38328.233 | F15: 10489.411 | G15: 10453.155
D16: 36249.767 | E16: 37910.711 | F16: 9886.3002 | G16: 10339.285
D17: 34038.36 | E17: 37493.188 | F17: 9283.189 | G17: 10225.415
C18: 2025 | D18: 31826.952 | E18: 37075.665 | F18: 8680.0778 | G18: 10111.545
D19: 29495.673 | E19: 36460.038 | F19: 8044.2745 | G19: 9943.6466
D20: 27164.395 | E20: 35844.41 | F20: 7408.4713 | G20: 9775.7483
D21: 24833.116 | E21: 35228.783 | F21: 6772.6681 | G21: 9607.8499
D22: 22501.838 | E22: 34613.156 | F22: 6136.8649 | G22: 9439.9516
C23: 2030 | D23: 20170.559 | E23: 33997.529 | F23: 5501.0616 | G23: 9272.0532
D24: 18840.435 | E24: 32349.565 | F24: 5138.3005 | G24: 8822.6087
D25: 17510.311 | E25: 30701.602 | F25: 4775.5393 | G25: 8373.1641
D26: 16180.187 | E26: 29053.638 | F26: 4412.7782 | G26: 7923.7195
D27: 14850.062 | E27: 27405.675 | F27: 4050.017 | G27: 7474.275
C28: 2035 | D28: 13519.938 | E28: 25757.712 | F28: 3687.2558 | G28: 7024.8304
D29: 12509.737 | E29: 24381.905 | F29: 3411.7464 | G29: 6649.6105
D30: 11499.536 | E30: 23006.099 | F30: 3136.2371 | G30: 6274.3905
D31: 10489.335 | E31: 21630.292 | F31: 2860.7277 | G31: 5899.1706
D32: 9479.1337 | E32: 20254.486 | F32: 2585.2183 | G32: 5523.9506
C33: 2040 | D33: 8468.9326 | E33: 18878.679 | F33: 2309.7089 | G33: 5148.7307
D34: 7691.8867 | E34: 17995.062 | F34: 2097.7873 | G34: 4907.7442
D35: 6914.8409 | E35: 17111.445 | F35: 1885.8657 | G35: 4666.7578
D36: 6137.795 | E36: 16227.828 | F36: 1673.9441 | G36: 4425.7714
D37: 5360.7492 | E37: 15344.212 | F37: 1462.0225 | G37: 4184.785
C38: 2045 | D38: 4583.7033 | E38: 14460.595 | F38: 1250.1009 | G38: 3943.7985
D39: 4131.7727 | E39: 13739.852 | F39: 1126.8471 | G39: 3747.2322
D40: 3679.8421 | E40: 13019.108 | F40: 1003.5933 | G40: 3550.6659
D41: 3227.9116 | E41: 12298.365 | F41: 880.33952 | G41: 3354.0996
D42: 2775.981 | E42: 11577.622 | F42: 757.08572 | G42: 3157.5332
C43: 2050 | D43: 2324.0504 | E43: 10856.879 | F43: 633.83193 | G43: 2960.9669
D44: 2036.2467 | E44: 10378.041 | F44: 555.34 | G44: 2830.3748
D45: 1748.4429 | E45: 9899.2031 | F45: 476.84807 | G45: 2699.7827
D46: 1460.6392 | E46: 9420.3653 | F46: 398.35614 | G46: 2569.1905
D47: 1172.8354 | E47: 8941.5275 | F47: 319.86421 | G47: 2438.5984
C48: 2055 | D48: 885.0317 | E48: 8462.6897 | F48: 241.37228 | G48: 2308.0063
D49: 695.03706 | E49: 8067.0862 | F49: 189.55556 | G49: 2200.1144
D50: 505.04242 | E50: 7671.4828 | F50: 137.73884 | G50: 2092.2226
D51: 315.04778 | E51: 7275.8793 | F51: 85.922122 | G51: 1984.3307
D52: 125.05314 | E52: 6880.2759 | F52: 34.105402 | G52: 1876.4389
C53: 2060 | D53: -64.9415 | E53: 6484.6725 | F53: -17.711318 | G53: 1768.547
D54: #VALUE! | E54: 6088.9349 | F54: #VALUE! | G54: 1660.6186
D55: #VALUE! | E55: 5693.1974 | F55: #VALUE! | G55: 1552.6902
D56: #VALUE! | E56: 5297.4598 | F56: #VALUE! | G56: 1444.7618
D57: #VALUE! | E57: 4901.7222 | F57: #VALUE! | G57: 1336.8333
C58: 2065 | E58: 4505.9847 | F58: #VALUE! | G58: 1228.9049
D59: #VALUE! | E59: 4065.6825 | F59: #VALUE! | G59: 1108.8225
D60: #VALUE! | E60: 3625.3803 | F60: #VALUE! | G60: 988.7401
D61: #VALUE! | E61: 3185.0782 | F61: #VALUE! | G61: 868.65769
D62: #VALUE! | E62: 2744.776 | F62: #VALUE! | G62: 748.57528
C63: 2070 | D63: -945.2403 | E63: 2304.4739 | F63: -257.79281 | G63: 628.49287
C64: 2075 | E64: -366.91575 | F64: #VALUE! | G64: -100.06793
C65: 2080 | D65: -1269.17 | E65: -2660.5269 | F65: -346.13727 | G65: -725.59824
C66: 2085 | E66: -3723.2085 | F66: #VALUE! | G66: -1015.4205
C67: 2090 | D67: -1572.1363 | E67: -4588.914 | F67: -428.76445 | G67: -1251.522
C68: 2095 | E68: -5147.6689 | F68: #VALUE! | G68: -1403.9097
C69: 2100 | D69: -1711.9883 | E69: -5678.9996 | F69: -466.9059 | G69: -1548.8181

Sheet Economic capacity
D1: Global Carbon Budget 2021 Friedlingstein, et al., 2021 | E1: IAMC AR6 Scenario Explorer Model: REMIND-MAgPIE 2.1-4.3 Scenario: DeepElec_SSP2_ HighRE_Budg900 | F1: Statistics Sweden Population Projections | G1: SSP Database - Version 2.0 Data for SSP2
C2: Gross Domestic Product Sweden | D2: Gross Domestic Product World | E2: Emissions per capita (1.5C) World | F2: Emissions per capita (2C) World | G2: Emissions per capita Sweden - Economic capacity (1.5C) | H2: Emissions per capita Sweden - Economic capacity (2C) | I2: Population Sweden | J2: Total Emissions for Sweden Economic capacity
C3: GDP/cap PPP | D3: GDP/cap PPP | E3: ton CO2/cap | F3: ton CO2/cap | G3: ton CO2/cap | H3: ton CO2/cap | J3: MtCO2 | L3: Cumulatve emissions for Sweden 2022-2050 according to economic capacity
C4: 1000 USD | D4: 1000 USD | J4: 1.5C | K4: 2C | L4: 1.5C | M4: 2C
B5: 2020 | C5: 44.420086 | D5: 13.896544 | E5: ='Historical responsibility C'!P35 -> 4.9316778 | F5: ='Historical responsibility C'!Q35 -> 4.9316778 | G5: =E5*D5/C5 -> 1.5428443 | H5: =F5*D5/C5 -> 1.5428443 | I5: ='Historical responsibility T'!D66 -> 10379295 | J5: =I5*G5/1000000 -> 16.013637 | K5: =I5*H5/1000000 -> 16.013637 | L5: =SUM(J7:J35) -> 181.52793 | M5: =SUM(K7:K35) -> 293.50613 | N5: 2022-2050
B6: 2021 | C6: 45.965179 | D6: 14.389427 | E6: ='Historical responsibility C'!P36 -> 5.227598 | F6: ='Historical responsibility C'!Q36 -> 4.9799453 | G6: =E6*D6/C6 -> 1.6365027 | H6: =F6*D6/C6 -> 1.5589749 | I6: ='Historical responsibility T'!D67 -> 10428301 | J6: =I6*G6/1000000 -> 17.065943 | K6: =I6*H6/1000000 -> 16.257459 | L6: =SUM(J5:J35) -> 214.60751 | M6: =SUM(K5:K35) -> 325.77723 | N6: 2020-2050
B7: 2022 | C7: 47.485319 | D7: 14.873746 | E7: ='Historical responsibility C'!P37 -> 4.901886 | F7: ='Historical responsibility C'!Q37 -> 4.8849425 | G7: =E7*D7/C7 -> 1.5354094 | H7: =F7*D7/C7 -> 1.5301022 | I7: ='Historical responsibility T'!D68 -> 10477130 | J7: =I7*G7/1000000 -> 16.086684 | K7: =I7*H7/1000000 -> 16.03108
B8: 2023 | C8: 48.981105 | D8: 15.349722 | E8: ='Historical responsibility C'!P38 -> 4.5815949 | F8: ='Historical responsibility C'!Q38 -> 4.7915209 | G8: =E8*D8/C8 -> 1.4357824 | H8: =F8*D8/C8 -> 1.5015691 | I8: ='Historical responsibility T'!D69 -> 10523969 | J8: =I8*G8/1000000 -> 15.11013 | K8: =I8*H8/1000000 -> 15.802467
B9: 2024 | C9: 50.45312 | D9: 15.81757 | E9: ='Historical responsibility C'!P39 -> 4.2665905 | F9: ='Historical responsibility C'!Q39 -> 4.6996413 | G9: =E9*D9/C9 -> 1.3376199 | H9: =F9*D9/C9 -> 1.4733857 | I9: ='Historical responsibility T'!D70 -> 10569942 | J9: =I9*G9/1000000 -> 14.138565 | K9: =I9*H9/1000000 -> 15.573602
B10: 2025 | C10: 51.901924 | D10: 16.277496 | E10: ='Historical responsibility C'!P40 -> 3.9567431 | F10: ='Historical responsibility C'!Q40 -> 4.6092658 | G10: =E10*D10/C10 -> 1.2409149 | H10: =F10*D10/C10 -> 1.4455593 | I10: ='Historical responsibility T'!D71 -> 10616595 | J10: =I10*G10/1000000 -> 13.174291 | K10: =I10*H10/1000000 -> 15.346918
B11: 2026 | C11: 53.414217 | D11: 16.731284 | E11: ='Historical responsibility C'!P41 -> 3.639981 | F11: ='Historical responsibility C'!Q41 -> 4.4994342 | G11: =E11*D11/C11 -> 1.140175 | H11: =F11*D11/C11 -> 1.4093872 | I11: ='Historical responsibility T'!D72 -> 10663635 | J11: =I11*G11/1000000 -> 12.15841 | K11: =I11*H11/1000000 -> 15.02919
B12: 2027 | C12: 54.905028 | D12: 17.178219 | E12: ='Historical responsibility C'!P42 -> 3.3278386 | F12: ='Historical responsibility C'!Q42 -> 4.3912045 | G12: =E12*D12/C12 -> 1.0411859 | H12: =F12*D12/C12 -> 1.3738828 | I12: ='Historical responsibility T'!D73 -> 10710874 | J12: =I12*G12/1000000 -> 11.152011 | K12: =I12*H12/1000000 -> 14.715486
B13: 2028 | C13: 56.374811 | D13: 17.618457 | E13: ='Historical responsibility C'!P43 -> 3.0202157 | F13: ='Historical responsibility C'!Q43 -> 4.2845418 | G13: =E13*D13/C13 -> 0.94388857 | H13: =F13*D13/C13 -> 1.3390202 | I13: ='Historical responsibility T'!D74 -> 10758403 | J13: =I13*G13/1000000 -> 10.154734 | K13: =I13*H13/1000000 -> 14.405719
B14: 2029 | C14: 57.824008 | D14: 18.052146 | E14: ='Historical responsibility C'!P44 -> 2.7170149 | F14: ='Historical responsibility C'!Q44 -> 4.1794123 | G14: =E14*D14/C14 -> 0.84822809 | H14: =F14*D14/C14 -> 1.3047757 | I14: ='Historical responsibility T'!D75 -> 10805992 | J14: =I14*G14/1000000 -> 9.1659459 | K14: =I14*H14/1000000 -> 14.099396
B15: 2030 | C15: 59.253049 | D15: 18.479431 | E15: ='Historical responsibility C'!P45 -> 2.4181413 | F15: ='Historical responsibility C'!Q45 -> 4.0757833 | G15: =E15*D15/C15 -> 0.75415319 | H15: =F15*D15/C15 -> 1.2711271 | I15: ='Historical responsibility T'!D76 -> 10853866 | J15: =I15*G15/1000000 -> 8.1854777 | K15: =I15*H15/1000000 -> 13.796643
B16: 2031 | C16: 60.591481 | D16: 18.881569 | E16: ='Historical responsibility C'!P46 -> 2.2443526 | F16: ='Historical responsibility C'!Q46 -> 3.8536174 | G16: =E16*D16/C16 -> 0.69938705 | H16: =F16*D16/C16 -> 1.2008675 | I16: ='Historical responsibility T'!D77 -> 10900734 | J16: =I16*G16/1000000 -> 7.6238322 | K16: =I16*H16/1000000 -> 13.090337
B17: 2032 | C17: 61.912832 | D17: 19.278445 | E17: ='Historical responsibility C'!P47 -> 2.0727546 | F17: ='Historical responsibility C'!Q47 -> 3.6342523 | G17: =E17*D17/C17 -> 0.64541524 | H17: =F17*D17/C17 -> 1.1316351 | I17: ='Historical responsibility T'!D78 -> 10946282 | J17: =I17*G17/1000000 -> 7.0648972 | K17: =I17*H17/1000000 -> 12.387196
B18: 2033 | C18: 63.21743 | D18: 19.670163 | E18: ='Historical responsibility C'!P48 -> 1.9033064 | F18: ='Historical responsibility C'!Q48 -> 3.4176352 | G18: =E18*D18/C18 -> 0.59221556 | H18: =F18*D18/C18 -> 1.0634004 | I18: ='Historical responsibility T'!D79 -> 10991015 | J18: =I18*G18/1000000 -> 6.5090501 | K18: =I18*H18/1000000 -> 11.68785
... B35: 2050 | C35: 80.247602 | D35: 25.430627 | E35: ='Historical responsibility C'!P65 -> 0.25277829 | F35: ='Historical responsibility C'!Q65 -> 1.1808622 | G35: =E35*D35/C35 -> 0.08010595 | H35: =F35*D35/C35 -> 0.37421761 | I35: ='Historical responsibility T'!D96 -> 11775563 | J35: =I35*G35/1000000 -> 0.94329266 | K35: =I35*H35/1000000 -> 4.406623

Sheet T vs C over time
B1: Swedish territorial emissions | C1: Swedish consumption-based emissions | D1: Net-imports for consumption in Sweden
A2: 1990 | B2: ='Historical responsibility T'!C36 -> 57.420098 | C2: ='Historical responsibility C'!C5 -> 85.04193 | D2: =C2-B2 -> 27.621832
A3: 1991 | B3: ='Historical responsibility T'!C37 -> 57.79489 | C3: ='Historical responsibility C'!C6 -> 84.168501 | D3: =C3-B3 -> 26.373611
A4: 1992 | B4: ='Historical responsibility T'!C38 -> 57.537 | C4: ='Historical responsibility C'!C7 -> 93.148868 | D4: =C4-B4 -> 35.611868
A5: 1993 | B5: ='Historical responsibility T'!C39 -> 57.578113 | C5: ='Historical responsibility C'!C8 -> 86.54427 | D5: =C5-B5 -> 28.966157
A6: 1994 | B6: ='Historical responsibility T'!C40 -> 60.043422 | C6: ='Historical responsibility C'!C9 -> 85.744979 | D6: =C6-B6 -> 25.701557
A7: 1995 | B7: ='Historical responsibility T'!C41 -> 59.457666 | C7: ='Historical responsibility C'!C10 -> 84.770552 | D7: =C7-B7 -> 25.312886
A8: 1996 | B8: ='Historical responsibility T'!C42 -> 63.396057 | C8: ='Historical responsibility C'!C11 -> 89.391327 | D8: =C8-B8 -> 25.99527
A9: 1997 | B9: ='Historical responsibility T'!C43 -> 58.293593 | C9: ='Historical responsibility C'!C12 -> 84.196736 | D9: =C9-B9 -> 25.903143
A10: 1998 | B10: ='Historical responsibility T'!C44 -> 58.764596 | C10: ='Historical responsibility C'!C13 -> 85.023386 | D10: =C10-B10 -> 26.25879
A11: 1999 | B11: ='Historical responsibility T'!C45 -> 55.898028 | C11: ='Historical responsibility C'!C14 -> 80.600046 | D11: =C11-B11 -> 24.702018
A12: 2000 | B12: ='Historical responsibility T'!C46 -> 54.749621 | C12: ='Historical responsibility C'!C15 -> 82.368268 | D12: =C12-B12 -> 27.618647
A13: 2001 | B13: ='Historical responsibility T'!C47 -> 55.678142 | C13: ='Historical responsibility C'!C16 -> 78.178497 | D13: =C13-B13 -> 22.500355
... A31: 2019 | B31: ='Historical responsibility T'!C65 -> 40.966661 | C31: ='Historical responsibility C'!C34 -> 67.938479 | D31: =C31-B31 -> 26.971818
